DateString,imputed,Value,Date,measure,Type
1991-Jan,0,100,1991-01-15,Repeat sales HPI,Apartment
1991-Feb,0,137.13915075581426,1991-02-15,Repeat sales HPI,Apartment
1991-Mar,0,100.81981556622954,1991-03-15,Repeat sales HPI,Apartment
1991-Apr,0,105.2165837545321,1991-04-15,Repeat sales HPI,Apartment
1991-May,0,105.24572369551433,1991-05-15,Repeat sales HPI,Apartment
1991-Jun,0,93.97266298452625,1991-06-15,Repeat sales HPI,Apartment
1991-Jul,0,99.67114850448424,1991-07-15,Repeat sales HPI,Apartment
1991-Aug,0,120.34973187633075,1991-08-15,Repeat sales HPI,Apartment
1991-Sep,0,91.48712727299898,1991-09-15,Repeat sales HPI,Apartment
1991-Oct,0,89.3788279199337,1991-10-15,Repeat sales HPI,Apartment
1991-Nov,0,98.9947438345726,1991-11-15,Repeat sales HPI,Apartment
1991-Dec,0,84.07581345694591,1991-12-15,Repeat sales HPI,Apartment
1992-Jan,0,80.83359646068934,1992-01-15,Repeat sales HPI,Apartment
1992-Feb,0,103.48503750959519,1992-02-15,Repeat sales HPI,Apartment
1992-Mar,0,90.95143396372023,1992-03-15,Repeat sales HPI,Apartment
1992-Apr,0,93.16453322907334,1992-04-15,Repeat sales HPI,Apartment
1992-May,0,103.37866345596818,1992-05-15,Repeat sales HPI,Apartment
1992-Jun,0,93.05570834606357,1992-06-15,Repeat sales HPI,Apartment
1992-Jul,0,97.46985426733563,1992-07-15,Repeat sales HPI,Apartment
1992-Aug,0,103.00507921927655,1992-08-15,Repeat sales HPI,Apartment
1992-Sep,0,95.67802189474722,1992-09-15,Repeat sales HPI,Apartment
1992-Oct,0,89.41916977576557,1992-10-15,Repeat sales HPI,Apartment
1992-Nov,0,93.55711296724438,1992-11-15,Repeat sales HPI,Apartment
1992-Dec,0,98.12937421185761,1992-12-15,Repeat sales HPI,Apartment
1993-Jan,0,100.25115488290194,1993-01-15,Repeat sales HPI,Apartment
1993-Feb,0,109.05866896979512,1993-02-15,Repeat sales HPI,Apartment
1993-Mar,0,114.24374644803486,1993-03-15,Repeat sales HPI,Apartment
1993-Apr,0,100.73012457632487,1993-04-15,Repeat sales HPI,Apartment
1993-May,0,117.06337766003033,1993-05-15,Repeat sales HPI,Apartment
1993-Jun,0,114.9153864153718,1993-06-15,Repeat sales HPI,Apartment
1993-Jul,0,110.45920594530729,1993-07-15,Repeat sales HPI,Apartment
1993-Aug,0,119.79048510877823,1993-08-15,Repeat sales HPI,Apartment
1993-Sep,0,91.2125051230939,1993-09-15,Repeat sales HPI,Apartment
1993-Oct,0,98.13045317184287,1993-10-15,Repeat sales HPI,Apartment
1993-Nov,0,116.62523068047986,1993-11-15,Repeat sales HPI,Apartment
1993-Dec,0,95.09322735397163,1993-12-15,Repeat sales HPI,Apartment
1994-Jan,0,98.34188249193753,1994-01-15,Repeat sales HPI,Apartment
1994-Feb,0,137.59477542792163,1994-02-15,Repeat sales HPI,Apartment
1994-Mar,0,104.77131967646925,1994-03-15,Repeat sales HPI,Apartment
1994-Apr,0,95.38166113583382,1994-04-15,Repeat sales HPI,Apartment
1994-May,0,107.8351359859553,1994-05-15,Repeat sales HPI,Apartment
1994-Jun,0,115.76333010677315,1994-06-15,Repeat sales HPI,Apartment
1994-Jul,0,93.09050046591295,1994-07-15,Repeat sales HPI,Apartment
1994-Aug,0,100.90881243301524,1994-08-15,Repeat sales HPI,Apartment
1994-Sep,0,100.26337288825349,1994-09-15,Repeat sales HPI,Apartment
1994-Oct,0,130.9255652527964,1994-10-15,Repeat sales HPI,Apartment
1994-Nov,0,118.40868738519832,1994-11-15,Repeat sales HPI,Apartment
1994-Dec,0,104.8773067975073,1994-12-15,Repeat sales HPI,Apartment
1995-Jan,0,100.18175180745077,1995-01-15,Repeat sales HPI,Apartment
1995-Feb,0,147.95533480494336,1995-02-15,Repeat sales HPI,Apartment
1995-Mar,0,102.38897495506285,1995-03-15,Repeat sales HPI,Apartment
1995-Apr,0,101.6780434885064,1995-04-15,Repeat sales HPI,Apartment
1995-May,0,105.59761049891416,1995-05-15,Repeat sales HPI,Apartment
1995-Jun,0,95.64991155463247,1995-06-15,Repeat sales HPI,Apartment
1995-Jul,0,103.44161713164617,1995-07-15,Repeat sales HPI,Apartment
1995-Aug,0,80.71994543488957,1995-08-15,Repeat sales HPI,Apartment
1995-Sep,0,111.45718396084928,1995-09-15,Repeat sales HPI,Apartment
1995-Oct,0,95.89370665427317,1995-10-15,Repeat sales HPI,Apartment
1995-Nov,0,104.87008378375955,1995-11-15,Repeat sales HPI,Apartment
1995-Dec,0,101.46950840377733,1995-12-15,Repeat sales HPI,Apartment
1996-Jan,0,90.78516340350937,1996-01-15,Repeat sales HPI,Apartment
1996-Feb,0,98.82556582395273,1996-02-15,Repeat sales HPI,Apartment
1996-Mar,0,76.81104616903156,1996-03-15,Repeat sales HPI,Apartment
1996-Apr,0,73.84549298740386,1996-04-15,Repeat sales HPI,Apartment
1996-May,0,72.47545478872578,1996-05-15,Repeat sales HPI,Apartment
1996-Jun,0,73.19823087673552,1996-06-15,Repeat sales HPI,Apartment
1996-Jul,0,71.39102493299386,1996-07-15,Repeat sales HPI,Apartment
1996-Aug,0,73.60129346028806,1996-08-15,Repeat sales HPI,Apartment
1996-Sep,0,73.18689264976369,1996-09-15,Repeat sales HPI,Apartment
1996-Oct,0,73.55572377518382,1996-10-15,Repeat sales HPI,Apartment
1996-Nov,0,74.1137919574474,1996-11-15,Repeat sales HPI,Apartment
1996-Dec,0,69.6462620573258,1996-12-15,Repeat sales HPI,Apartment
1997-Jan,0,71.00424325358571,1997-01-15,Repeat sales HPI,Apartment
1997-Feb,0,73.67870935821048,1997-02-15,Repeat sales HPI,Apartment
1997-Mar,0,73.79484942852137,1997-03-15,Repeat sales HPI,Apartment
1997-Apr,0,77.1261406453635,1997-04-15,Repeat sales HPI,Apartment
1997-May,0,73.6995516130942,1997-05-15,Repeat sales HPI,Apartment
1997-Jun,0,74.42857021289045,1997-06-15,Repeat sales HPI,Apartment
1997-Jul,0,72.3529135268034,1997-07-15,Repeat sales HPI,Apartment
1997-Aug,0,71.48691124092346,1997-08-15,Repeat sales HPI,Apartment
1997-Sep,0,70.95525798061591,1997-09-15,Repeat sales HPI,Apartment
1997-Oct,0,75.34644196029899,1997-10-15,Repeat sales HPI,Apartment
1997-Nov,0,73.83935380107728,1997-11-15,Repeat sales HPI,Apartment
1997-Dec,0,72.34418822064507,1997-12-15,Repeat sales HPI,Apartment
1998-Jan,0,70.75829053273752,1998-01-15,Repeat sales HPI,Apartment
1998-Feb,0,70.92857583848019,1998-02-15,Repeat sales HPI,Apartment
1998-Mar,0,67.48245546802946,1998-03-15,Repeat sales HPI,Apartment
1998-Apr,0,73.5899241484117,1998-04-15,Repeat sales HPI,Apartment
1998-May,0,70.32831586582978,1998-05-15,Repeat sales HPI,Apartment
1998-Jun,0,70.1534677547617,1998-06-15,Repeat sales HPI,Apartment
1998-Jul,0,71.07584517195336,1998-07-15,Repeat sales HPI,Apartment
1998-Aug,0,67.95554618013455,1998-08-15,Repeat sales HPI,Apartment
1998-Sep,0,74.88935002353709,1998-09-15,Repeat sales HPI,Apartment
1998-Oct,0,68.36512941566146,1998-10-15,Repeat sales HPI,Apartment
1998-Nov,0,67.18064482846707,1998-11-15,Repeat sales HPI,Apartment
1998-Dec,0,64.84506743019895,1998-12-15,Repeat sales HPI,Apartment
1999-Jan,0,65.55926209123245,1999-01-15,Repeat sales HPI,Apartment
1999-Feb,0,64.82631098868308,1999-02-15,Repeat sales HPI,Apartment
1999-Mar,0,68.2202159993062,1999-03-15,Repeat sales HPI,Apartment
1999-Apr,0,73.58189961806502,1999-04-15,Repeat sales HPI,Apartment
1999-May,0,66.15410877804567,1999-05-15,Repeat sales HPI,Apartment
1999-Jun,0,70.07990624579882,1999-06-15,Repeat sales HPI,Apartment
1999-Jul,0,66.12824281818514,1999-07-15,Repeat sales HPI,Apartment
1999-Aug,0,74.03164064825273,1999-08-15,Repeat sales HPI,Apartment
1999-Sep,0,71.73881455976642,1999-09-15,Repeat sales HPI,Apartment
1999-Oct,0,67.50196728863442,1999-10-15,Repeat sales HPI,Apartment
1999-Nov,0,68.40733692476356,1999-11-15,Repeat sales HPI,Apartment
1999-Dec,0,63.344410709078026,1999-12-15,Repeat sales HPI,Apartment
2000-Jan,0,65.04313432162469,2000-01-15,Repeat sales HPI,Apartment
2000-Feb,0,70.9219916151796,2000-02-15,Repeat sales HPI,Apartment
2000-Mar,0,69.21273511075384,2000-03-15,Repeat sales HPI,Apartment
2000-Apr,0,66.86757958983047,2000-04-15,Repeat sales HPI,Apartment
2000-May,0,67.54683563948737,2000-05-15,Repeat sales HPI,Apartment
2000-Jun,0,66.26604701773185,2000-06-15,Repeat sales HPI,Apartment
2000-Jul,0,66.6624958816614,2000-07-15,Repeat sales HPI,Apartment
2000-Aug,0,68.68144663003436,2000-08-15,Repeat sales HPI,Apartment
2000-Sep,0,65.73612292444314,2000-09-15,Repeat sales HPI,Apartment
2000-Oct,0,66.3036500677425,2000-10-15,Repeat sales HPI,Apartment
2000-Nov,0,64.65222174367001,2000-11-15,Repeat sales HPI,Apartment
2000-Dec,0,58.21374576658715,2000-12-15,Repeat sales HPI,Apartment
2001-Jan,0,61.24462536374528,2001-01-15,Repeat sales HPI,Apartment
2001-Feb,0,63.522668777633285,2001-02-15,Repeat sales HPI,Apartment
2001-Mar,0,64.23704072548274,2001-03-15,Repeat sales HPI,Apartment
2001-Apr,0,65.56918359401755,2001-04-15,Repeat sales HPI,Apartment
2001-May,0,66.04209561386514,2001-05-15,Repeat sales HPI,Apartment
2001-Jun,0,68.20848569409102,2001-06-15,Repeat sales HPI,Apartment
2001-Jul,0,70.42944534985669,2001-07-15,Repeat sales HPI,Apartment
2001-Aug,0,69.17400885390764,2001-08-15,Repeat sales HPI,Apartment
2001-Sep,0,67.49671795245645,2001-09-15,Repeat sales HPI,Apartment
2001-Oct,0,68.15900377908987,2001-10-15,Repeat sales HPI,Apartment
2001-Nov,0,68.5736065206263,2001-11-15,Repeat sales HPI,Apartment
2001-Dec,0,68.90768025965461,2001-12-15,Repeat sales HPI,Apartment
2002-Jan,0,71.08850615829544,2002-01-15,Repeat sales HPI,Apartment
2002-Feb,0,73.8815684746959,2002-02-15,Repeat sales HPI,Apartment
2002-Mar,0,76.72159649110148,2002-03-15,Repeat sales HPI,Apartment
2002-Apr,0,74.17244509788101,2002-04-15,Repeat sales HPI,Apartment
2002-May,0,73.54209791241259,2002-05-15,Repeat sales HPI,Apartment
2002-Jun,0,75.8883495114067,2002-06-15,Repeat sales HPI,Apartment
2002-Jul,0,74.51519001610323,2002-07-15,Repeat sales HPI,Apartment
2002-Aug,0,75.32839242491345,2002-08-15,Repeat sales HPI,Apartment
2002-Sep,0,78.15447291567496,2002-09-15,Repeat sales HPI,Apartment
2002-Oct,0,73.9660691936627,2002-10-15,Repeat sales HPI,Apartment
2002-Nov,0,77.09472128635187,2002-11-15,Repeat sales HPI,Apartment
2002-Dec,0,75.47312043378106,2002-12-15,Repeat sales HPI,Apartment
2003-Jan,0,77.1387448811811,2003-01-15,Repeat sales HPI,Apartment
2003-Feb,0,79.55227245578399,2003-02-15,Repeat sales HPI,Apartment
2003-Mar,0,80.13874516681196,2003-03-15,Repeat sales HPI,Apartment
2003-Apr,0,78.56344621410534,2003-04-15,Repeat sales HPI,Apartment
2003-May,0,78.99677639118558,2003-05-15,Repeat sales HPI,Apartment
2003-Jun,0,81.36108962146977,2003-06-15,Repeat sales HPI,Apartment
2003-Jul,0,81.63226060482424,2003-07-15,Repeat sales HPI,Apartment
2003-Aug,0,85.2393503224762,2003-08-15,Repeat sales HPI,Apartment
2003-Sep,0,86.98142038524203,2003-09-15,Repeat sales HPI,Apartment
2003-Oct,0,85.26716480787626,2003-10-15,Repeat sales HPI,Apartment
2003-Nov,0,89.25795905585014,2003-11-15,Repeat sales HPI,Apartment
2003-Dec,0,84.64765843145528,2003-12-15,Repeat sales HPI,Apartment
2004-Jan,0,90.53991767277819,2004-01-15,Repeat sales HPI,Apartment
2004-Feb,0,92.33399825169217,2004-02-15,Repeat sales HPI,Apartment
2004-Mar,0,95.68234324374397,2004-03-15,Repeat sales HPI,Apartment
2004-Apr,0,97.43225597977582,2004-04-15,Repeat sales HPI,Apartment
2004-May,0,96.10798804911241,2004-05-15,Repeat sales HPI,Apartment
2004-Jun,0,96.11713243535849,2004-06-15,Repeat sales HPI,Apartment
2004-Jul,0,97.78874178840849,2004-07-15,Repeat sales HPI,Apartment
2004-Aug,0,97.7379120074633,2004-08-15,Repeat sales HPI,Apartment
2004-Sep,0,97.34858368132893,2004-09-15,Repeat sales HPI,Apartment
2004-Oct,0,98.93214605604936,2004-10-15,Repeat sales HPI,Apartment
2004-Nov,0,99.8816941054112,2004-11-15,Repeat sales HPI,Apartment
2004-Dec,0,99.5335744855288,2004-12-15,Repeat sales HPI,Apartment
2005-Jan,0,101.64532571489934,2005-01-15,Repeat sales HPI,Apartment
2005-Feb,0,104.17238987417971,2005-02-15,Repeat sales HPI,Apartment
2005-Mar,0,106.33863239872143,2005-03-15,Repeat sales HPI,Apartment
2005-Apr,0,108.593591253561,2005-04-15,Repeat sales HPI,Apartment
2005-May,0,109.93408295900724,2005-05-15,Repeat sales HPI,Apartment
2005-Jun,0,111.25295001426565,2005-06-15,Repeat sales HPI,Apartment
2005-Jul,0,113.87472466464111,2005-07-15,Repeat sales HPI,Apartment
2005-Aug,0,115.35513055053326,2005-08-15,Repeat sales HPI,Apartment
2005-Sep,0,117.4720389616339,2005-09-15,Repeat sales HPI,Apartment
2005-Oct,0,118.2269693514534,2005-10-15,Repeat sales HPI,Apartment
2005-Nov,0,119.08410549588166,2005-11-15,Repeat sales HPI,Apartment
2005-Dec,0,119.32917123796547,2005-12-15,Repeat sales HPI,Apartment
2006-Jan,0,123.79928593566494,2006-01-15,Repeat sales HPI,Apartment
2006-Feb,0,126.69836254945908,2006-02-15,Repeat sales HPI,Apartment
2006-Mar,0,129.42086431317964,2006-03-15,Repeat sales HPI,Apartment
2006-Apr,0,133.02340726796265,2006-04-15,Repeat sales HPI,Apartment
2006-May,0,135.31563625870533,2006-05-15,Repeat sales HPI,Apartment
2006-Jun,0,137.37917161804532,2006-06-15,Repeat sales HPI,Apartment
2006-Jul,0,138.55238068215607,2006-07-15,Repeat sales HPI,Apartment
2006-Aug,0,140.05020651273225,2006-08-15,Repeat sales HPI,Apartment
2006-Sep,0,140.27222543905233,2006-09-15,Repeat sales HPI,Apartment
2006-Oct,0,137.73020928876076,2006-10-15,Repeat sales HPI,Apartment
2006-Nov,0,138.70651345975176,2006-11-15,Repeat sales HPI,Apartment
2006-Dec,0,140.30522234576125,2006-12-15,Repeat sales HPI,Apartment
2007-Jan,0,140.66786350711334,2007-01-15,Repeat sales HPI,Apartment
2007-Feb,0,143.7310307795501,2007-02-15,Repeat sales HPI,Apartment
2007-Mar,0,145.65969841864762,2007-03-15,Repeat sales HPI,Apartment
2007-Apr,0,149.12648146846755,2007-04-15,Repeat sales HPI,Apartment
2007-May,0,150.3116812074039,2007-05-15,Repeat sales HPI,Apartment
2007-Jun,0,151.47835836413356,2007-06-15,Repeat sales HPI,Apartment
2007-Jul,0,153.34218345251074,2007-07-15,Repeat sales HPI,Apartment
2007-Aug,0,155.30168045979488,2007-08-15,Repeat sales HPI,Apartment
2007-Sep,0,155.87639133046682,2007-09-15,Repeat sales HPI,Apartment
2007-Oct,0,156.01120560113822,2007-10-15,Repeat sales HPI,Apartment
2007-Nov,0,156.45455377834008,2007-11-15,Repeat sales HPI,Apartment
2007-Dec,0,156.87246387875715,2007-12-15,Repeat sales HPI,Apartment
2008-Jan,0,160.31367639160197,2008-01-15,Repeat sales HPI,Apartment
2008-Feb,0,160.1003090727656,2008-02-15,Repeat sales HPI,Apartment
2008-Mar,0,163.67438052242244,2008-03-15,Repeat sales HPI,Apartment
2008-Apr,0,162.35263361822683,2008-04-15,Repeat sales HPI,Apartment
2008-May,0,162.23592849255877,2008-05-15,Repeat sales HPI,Apartment
2008-Jun,0,160.77681564535033,2008-06-15,Repeat sales HPI,Apartment
2008-Jul,0,158.84762720748122,2008-07-15,Repeat sales HPI,Apartment
2008-Aug,0,155.31003730465127,2008-08-15,Repeat sales HPI,Apartment
2008-Sep,0,155.24139107603574,2008-09-15,Repeat sales HPI,Apartment
2008-Oct,0,148.30133795585007,2008-10-15,Repeat sales HPI,Apartment
2008-Nov,0,142.05270379278886,2008-11-15,Repeat sales HPI,Apartment
2008-Dec,0,141.49031828780358,2008-12-15,Repeat sales HPI,Apartment
2009-Jan,0,136.02700410535647,2009-01-15,Repeat sales HPI,Apartment
2009-Feb,0,137.44955277287252,2009-02-15,Repeat sales HPI,Apartment
2009-Mar,0,139.80335132903514,2009-03-15,Repeat sales HPI,Apartment
2009-Apr,0,141.22123846925297,2009-04-15,Repeat sales HPI,Apartment
2009-May,0,145.3667191634271,2009-05-15,Repeat sales HPI,Apartment
2009-Jun,0,146.91179789625645,2009-06-15,Repeat sales HPI,Apartment
2009-Jul,0,148.88620838703108,2009-07-15,Repeat sales HPI,Apartment
2009-Aug,0,151.5702448746016,2009-08-15,Repeat sales HPI,Apartment
2009-Sep,0,155.21177618010913,2009-09-15,Repeat sales HPI,Apartment
2009-Oct,0,155.7687663963411,2009-10-15,Repeat sales HPI,Apartment
2009-Nov,0,156.33592026552785,2009-11-15,Repeat sales HPI,Apartment
2009-Dec,0,156.2055282758331,2009-12-15,Repeat sales HPI,Apartment
2010-Jan,0,157.60010803435384,2010-01-15,Repeat sales HPI,Apartment
2010-Feb,0,159.07823034338813,2010-02-15,Repeat sales HPI,Apartment
2010-Mar,0,159.9912446092057,2010-03-15,Repeat sales HPI,Apartment
2010-Apr,0,159.15313637749347,2010-04-15,Repeat sales HPI,Apartment
2010-May,0,159.20392737580394,2010-05-15,Repeat sales HPI,Apartment
2010-Jun,0,157.42189066360712,2010-06-15,Repeat sales HPI,Apartment
2010-Jul,0,155.28850732122302,2010-07-15,Repeat sales HPI,Apartment
2010-Aug,0,155.61850550901494,2010-08-15,Repeat sales HPI,Apartment
2010-Sep,0,153.782893933506,2010-09-15,Repeat sales HPI,Apartment
2010-Oct,0,152.85057040168485,2010-10-15,Repeat sales HPI,Apartment
2010-Nov,0,156.8820882261309,2010-11-15,Repeat sales HPI,Apartment
2010-Dec,0,153.8796366422861,2010-12-15,Repeat sales HPI,Apartment
2011-Jan,0,157.89953423865703,2011-01-15,Repeat sales HPI,Apartment
2011-Feb,0,161.2336484345002,2011-02-15,Repeat sales HPI,Apartment
2011-Mar,0,160.75225950904894,2011-03-15,Repeat sales HPI,Apartment
2011-Apr,0,160.1839392505739,2011-04-15,Repeat sales HPI,Apartment
2011-May,0,160.13679517043602,2011-05-15,Repeat sales HPI,Apartment
2011-Jun,0,159.83224388688447,2011-06-15,Repeat sales HPI,Apartment
2011-Jul,0,159.70310922452452,2011-07-15,Repeat sales HPI,Apartment
2011-Aug,0,161.22760124306012,2011-08-15,Repeat sales HPI,Apartment
2011-Sep,0,159.03837371016473,2011-09-15,Repeat sales HPI,Apartment
2011-Oct,0,156.9456695658267,2011-10-15,Repeat sales HPI,Apartment
2011-Nov,0,156.85613386488222,2011-11-15,Repeat sales HPI,Apartment
2011-Dec,0,156.16035358568686,2011-12-15,Repeat sales HPI,Apartment
2012-Jan,0,155.47106266742836,2012-01-15,Repeat sales HPI,Apartment
2012-Feb,0,157.48996072393786,2012-02-15,Repeat sales HPI,Apartment
2012-Mar,0,159.9646112060561,2012-03-15,Repeat sales HPI,Apartment
2012-Apr,0,159.67305630141965,2012-04-15,Repeat sales HPI,Apartment
2012-May,0,158.65963736334453,2012-05-15,Repeat sales HPI,Apartment
2012-Jun,0,155.47159166128165,2012-06-15,Repeat sales HPI,Apartment
2012-Jul,0,155.90248682559724,2012-07-15,Repeat sales HPI,Apartment
2012-Aug,0,154.6654725933303,2012-08-15,Repeat sales HPI,Apartment
2012-Sep,0,153.30036107984347,2012-09-15,Repeat sales HPI,Apartment
2012-Oct,0,151.2068023981513,2012-10-15,Repeat sales HPI,Apartment
2012-Nov,0,152.11431190536575,2012-11-15,Repeat sales HPI,Apartment
2012-Dec,0,151.88364590430905,2012-12-15,Repeat sales HPI,Apartment
2013-Jan,0,150.17532087719715,2013-01-15,Repeat sales HPI,Apartment
2013-Feb,0,151.33941639432342,2013-02-15,Repeat sales HPI,Apartment
2013-Mar,0,151.97671320626412,2013-03-15,Repeat sales HPI,Apartment
2013-Apr,0,153.56959734124172,2013-04-15,Repeat sales HPI,Apartment
2013-May,0,153.14366949255376,2013-05-15,Repeat sales HPI,Apartment
2013-Jun,0,153.8449064228678,2013-06-15,Repeat sales HPI,Apartment
2013-Jul,0,153.30430407240354,2013-07-15,Repeat sales HPI,Apartment
2013-Aug,0,153.05174746984383,2013-08-15,Repeat sales HPI,Apartment
2013-Sep,0,153.26858238496382,2013-09-15,Repeat sales HPI,Apartment
2013-Oct,0,151.8132151006154,2013-10-15,Repeat sales HPI,Apartment
2013-Nov,0,152.94781858619888,2013-11-15,Repeat sales HPI,Apartment
2013-Dec,0,150.84222831094252,2013-12-15,Repeat sales HPI,Apartment
2014-Jan,0,153.70383314223162,2014-01-15,Repeat sales HPI,Apartment
2014-Feb,0,156.6066073760954,2014-02-15,Repeat sales HPI,Apartment
2014-Mar,0,155.69487908830072,2014-03-15,Repeat sales HPI,Apartment
2014-Apr,0,155.81858630685028,2014-04-15,Repeat sales HPI,Apartment
2014-May,0,155.63996438457713,2014-05-15,Repeat sales HPI,Apartment
2014-Jun,0,158.4292685351356,2014-06-15,Repeat sales HPI,Apartment
2014-Jul,0,156.53773293586931,2014-07-15,Repeat sales HPI,Apartment
2014-Aug,0,156.81509330065168,2014-08-15,Repeat sales HPI,Apartment
2014-Sep,0,157.22309068769502,2014-09-15,Repeat sales HPI,Apartment
2014-Oct,0,157.12602290118753,2014-10-15,Repeat sales HPI,Apartment
2014-Nov,0,157.22977068005642,2014-11-15,Repeat sales HPI,Apartment
2014-Dec,0,155.2003971689079,2014-12-15,Repeat sales HPI,Apartment
2015-Jan,0,155.44122504095668,2015-01-15,Repeat sales HPI,Apartment
2015-Feb,0,158.6783550732262,2015-02-15,Repeat sales HPI,Apartment
2015-Mar,0,160.30020899201585,2015-03-15,Repeat sales HPI,Apartment
2015-Apr,0,162.36648370294725,2015-04-15,Repeat sales HPI,Apartment
2015-May,0,162.87399211962958,2015-05-15,Repeat sales HPI,Apartment
2015-Jun,0,164.4182789534299,2015-06-15,Repeat sales HPI,Apartment
2015-Jul,0,164.5573573170598,2015-07-15,Repeat sales HPI,Apartment
2015-Aug,0,164.94811719371864,2015-08-15,Repeat sales HPI,Apartment
2015-Sep,0,164.16533310623385,2015-09-15,Repeat sales HPI,Apartment
2015-Oct,0,168.3200827968293,2015-10-15,Repeat sales HPI,Apartment
2015-Nov,0,168.72383712948272,2015-11-15,Repeat sales HPI,Apartment
2015-Dec,0,168.89437609308314,2015-12-15,Repeat sales HPI,Apartment
2016-Jan,0,171.08833924393366,2016-01-15,Repeat sales HPI,Apartment
2016-Feb,0,179.9006031030609,2016-02-15,Repeat sales HPI,Apartment
2016-Mar,0,182.92920516187786,2016-03-15,Repeat sales HPI,Apartment
2016-Apr,0,188.3222295608964,2016-04-15,Repeat sales HPI,Apartment
2016-May,0,195.1943623337818,2016-05-15,Repeat sales HPI,Apartment
2016-Jun,0,199.90176533820102,2016-06-15,Repeat sales HPI,Apartment
2016-Jul,0,200.5888310154056,2016-07-15,Repeat sales HPI,Apartment
2016-Aug,0,201.4756235440192,2016-08-15,Repeat sales HPI,Apartment
2016-Sep,0,202.86203532842282,2016-09-15,Repeat sales HPI,Apartment
2016-Oct,0,202.6481291505648,2016-10-15,Repeat sales HPI,Apartment
2016-Nov,0,204.56563404915826,2016-11-15,Repeat sales HPI,Apartment
2016-Dec,0,206.91593241100338,2016-12-15,Repeat sales HPI,Apartment
2017-Jan,0,212.87425295117313,2017-01-15,Repeat sales HPI,Apartment
2017-Feb,0,215.414265435939,2017-02-15,Repeat sales HPI,Apartment
2017-Mar,0,221.4844979419924,2017-03-15,Repeat sales HPI,Apartment
2017-Apr,0,229.19624324137496,2017-04-15,Repeat sales HPI,Apartment
2017-May,0,237.74952870311802,2017-05-15,Repeat sales HPI,Apartment
2017-Jun,0,242.07627201227612,2017-06-15,Repeat sales HPI,Apartment
2017-Jul,0,245.9872179899356,2017-07-15,Repeat sales HPI,Apartment
2017-Aug,0,248.05612627744628,2017-08-15,Repeat sales HPI,Apartment
2017-Sep,0,253.11519480022366,2017-09-15,Repeat sales HPI,Apartment
2017-Oct,0,258.47986241842216,2017-10-15,Repeat sales HPI,Apartment
2017-Nov,0,261.09930274144324,2017-11-15,Repeat sales HPI,Apartment
2017-Dec,0,265.1523337586054,2017-12-15,Repeat sales HPI,Apartment
2018-Jan,0,271.6035190073409,2018-01-15,Repeat sales HPI,Apartment
2018-Feb,0,282.13958392276635,2018-02-15,Repeat sales HPI,Apartment
2018-Mar,0,277.30003499508916,2018-03-15,Repeat sales HPI,Apartment
2018-Apr,0,280.94377633180375,2018-04-15,Repeat sales HPI,Apartment
2018-May,0,282.2063695912369,2018-05-15,Repeat sales HPI,Apartment
2018-Jun,0,279.53316708815663,2018-06-15,Repeat sales HPI,Apartment
2018-Jul,0,274.5126060057967,2018-07-15,Repeat sales HPI,Apartment
2018-Aug,0,268.6194893276885,2018-08-15,Repeat sales HPI,Apartment
2018-Sep,0,267.04517781151986,2018-09-15,Repeat sales HPI,Apartment
2018-Oct,0,266.7657702036499,2018-10-15,Repeat sales HPI,Apartment
2018-Nov,0,259.6832866472163,2018-11-15,Repeat sales HPI,Apartment
2018-Dec,0,259.2506391673389,2018-12-15,Repeat sales HPI,Apartment
2019-Jan,0,260.82594501310234,2019-01-15,Repeat sales HPI,Apartment
2019-Feb,0,261.2844230247608,2019-02-15,Repeat sales HPI,Apartment
2019-Mar,0,259.28359793912347,2019-03-15,Repeat sales HPI,Apartment
2019-Apr,0,259.38776474283804,2019-04-15,Repeat sales HPI,Apartment
2019-May,0,252.15820852734518,2019-05-15,Repeat sales HPI,Apartment
2019-Jun,0,249.5291259906887,2019-06-15,Repeat sales HPI,Apartment
2019-Jul,0,249.1532277698782,2019-07-15,Repeat sales HPI,Apartment
2019-Aug,0,248.80899651959362,2019-08-15,Repeat sales HPI,Apartment
2019-Sep,0,252.98203496277802,2019-09-15,Repeat sales HPI,Apartment
2019-Oct,0,251.98079328708712,2019-10-15,Repeat sales HPI,Apartment
2019-Nov,0,253.5675878164267,2019-11-15,Repeat sales HPI,Apartment
2019-Dec,0,254.6406714051558,2019-12-15,Repeat sales HPI,Apartment
2020-Jan,0,262.82444882772904,2020-01-15,Repeat sales HPI,Apartment
2020-Feb,0,262.1975131129995,2020-02-15,Repeat sales HPI,Apartment
2020-Mar,0,264.0135285024141,2020-03-15,Repeat sales HPI,Apartment
2020-Apr,0,256.65506829674104,2020-04-15,Repeat sales HPI,Apartment
2020-May,0,261.00275181752306,2020-05-15,Repeat sales HPI,Apartment
2020-Jun,0,260.1300592486991,2020-06-15,Repeat sales HPI,Apartment
2020-Jul,0,259.47195794679595,2020-07-15,Repeat sales HPI,Apartment
2020-Aug,0,259.6140076222308,2020-08-15,Repeat sales HPI,Apartment
2020-Sep,0,259.32827410448016,2020-09-15,Repeat sales HPI,Apartment
2020-Oct,0,262.65664275368835,2020-10-15,Repeat sales HPI,Apartment
2020-Nov,0,259.4509221333864,2020-11-15,Repeat sales HPI,Apartment
2020-Dec,0,263.96061405402986,2020-12-15,Repeat sales HPI,Apartment
2021-Jan,0,267.77187013938124,2021-01-15,Repeat sales HPI,Apartment
2021-Feb,0,274.50261755798294,2021-02-15,Repeat sales HPI,Apartment
2021-Mar,0,280.47231798019203,2021-03-15,Repeat sales HPI,Apartment
2021-Apr,0,287.0039583791435,2021-04-15,Repeat sales HPI,Apartment
2021-May,0,287.27739168606206,2021-05-15,Repeat sales HPI,Apartment
2021-Jun,0,285.7047583106096,2021-06-15,Repeat sales HPI,Apartment
2021-Jul,0,283.6496206633865,2021-07-15,Repeat sales HPI,Apartment
2021-Aug,0,284.442677324946,2021-08-15,Repeat sales HPI,Apartment
2021-Sep,0,289.37087757698083,2021-09-15,Repeat sales HPI,Apartment
2021-Oct,0,289.66188294996084,2021-10-15,Repeat sales HPI,Apartment
2021-Nov,0,294.67376157269,2021-11-15,Repeat sales HPI,Apartment
2021-Dec,0,302.4579045717022,2021-12-15,Repeat sales HPI,Apartment
2022-Jan,0,304.5123526284722,2022-01-15,Repeat sales HPI,Apartment
1991-Jan,0,100,1991-01-15,Repeat sales HPI,Townhouse
1991-Feb,0,109.36947620693962,1991-02-15,Repeat sales HPI,Townhouse
1991-Mar,0,113.79964681205581,1991-03-15,Repeat sales HPI,Townhouse
1991-Apr,0,114.43020310009445,1991-04-15,Repeat sales HPI,Townhouse
1991-May,0,118.11406908922426,1991-05-15,Repeat sales HPI,Townhouse
1991-Jun,0,121.92424668495569,1991-06-15,Repeat sales HPI,Townhouse
1991-Jul,0,117.52784723179603,1991-07-15,Repeat sales HPI,Townhouse
1991-Aug,0,114.55482845293614,1991-08-15,Repeat sales HPI,Townhouse
1991-Sep,0,112.17157510002838,1991-09-15,Repeat sales HPI,Townhouse
1991-Oct,0,123.33419442507719,1991-10-15,Repeat sales HPI,Townhouse
1991-Nov,0,121.4182125049499,1991-11-15,Repeat sales HPI,Townhouse
1991-Dec,0,114.89786337328125,1991-12-15,Repeat sales HPI,Townhouse
1992-Jan,0,124.42527904302648,1992-01-15,Repeat sales HPI,Townhouse
1992-Feb,0,125.00747596174338,1992-02-15,Repeat sales HPI,Townhouse
1992-Mar,0,121.98862775745386,1992-03-15,Repeat sales HPI,Townhouse
1992-Apr,0,130.22490218752466,1992-04-15,Repeat sales HPI,Townhouse
1992-May,0,130.84005890038,1992-05-15,Repeat sales HPI,Townhouse
1992-Jun,0,129.8451742868502,1992-06-15,Repeat sales HPI,Townhouse
1992-Jul,0,138.85047247564563,1992-07-15,Repeat sales HPI,Townhouse
1992-Aug,0,127.29115486751301,1992-08-15,Repeat sales HPI,Townhouse
1992-Sep,0,130.43951969156663,1992-09-15,Repeat sales HPI,Townhouse
1992-Oct,0,140.8148578118968,1992-10-15,Repeat sales HPI,Townhouse
1992-Nov,0,132.72248872101852,1992-11-15,Repeat sales HPI,Townhouse
1992-Dec,0,129.55914401852496,1992-12-15,Repeat sales HPI,Townhouse
1993-Jan,0,134.86162827191393,1993-01-15,Repeat sales HPI,Townhouse
1993-Feb,0,139.21682189392445,1993-02-15,Repeat sales HPI,Townhouse
1993-Mar,0,140.2798764905463,1993-03-15,Repeat sales HPI,Townhouse
1993-Apr,0,139.3379743055667,1993-04-15,Repeat sales HPI,Townhouse
1993-May,0,138.99187179006927,1993-05-15,Repeat sales HPI,Townhouse
1993-Jun,0,143.2294894071174,1993-06-15,Repeat sales HPI,Townhouse
1993-Jul,0,147.8203002200637,1993-07-15,Repeat sales HPI,Townhouse
1993-Aug,0,145.06235890335543,1993-08-15,Repeat sales HPI,Townhouse
1993-Sep,0,154.1701737216023,1993-09-15,Repeat sales HPI,Townhouse
1993-Oct,0,142.0018018055696,1993-10-15,Repeat sales HPI,Townhouse
1993-Nov,0,144.98185130013803,1993-11-15,Repeat sales HPI,Townhouse
1993-Dec,0,127.58336598001303,1993-12-15,Repeat sales HPI,Townhouse
1994-Jan,0,140.52358788469712,1994-01-15,Repeat sales HPI,Townhouse
1994-Feb,0,153.17857777059868,1994-02-15,Repeat sales HPI,Townhouse
1994-Mar,0,143.88912965143575,1994-03-15,Repeat sales HPI,Townhouse
1994-Apr,0,150.07490332581852,1994-04-15,Repeat sales HPI,Townhouse
1994-May,0,152.52971285495005,1994-05-15,Repeat sales HPI,Townhouse
1994-Jun,0,163.5998097418672,1994-06-15,Repeat sales HPI,Townhouse
1994-Jul,0,152.71544448418234,1994-07-15,Repeat sales HPI,Townhouse
1994-Aug,0,147.5799308195129,1994-08-15,Repeat sales HPI,Townhouse
1994-Sep,0,152.83010160382256,1994-09-15,Repeat sales HPI,Townhouse
1994-Oct,0,154.00386183849704,1994-10-15,Repeat sales HPI,Townhouse
1994-Nov,0,150.88724258979886,1994-11-15,Repeat sales HPI,Townhouse
1994-Dec,0,163.65715333327134,1994-12-15,Repeat sales HPI,Townhouse
1995-Jan,0,147.09153322964968,1995-01-15,Repeat sales HPI,Townhouse
1995-Feb,0,142.98409459202907,1995-02-15,Repeat sales HPI,Townhouse
1995-Mar,0,147.15803108765272,1995-03-15,Repeat sales HPI,Townhouse
1995-Apr,0,145.9876681054872,1995-04-15,Repeat sales HPI,Townhouse
1995-May,0,157.9312408545271,1995-05-15,Repeat sales HPI,Townhouse
1995-Jun,0,144.6581741298207,1995-06-15,Repeat sales HPI,Townhouse
1995-Jul,0,147.17338824862205,1995-07-15,Repeat sales HPI,Townhouse
1995-Aug,0,146.98495711266554,1995-08-15,Repeat sales HPI,Townhouse
1995-Sep,0,147.39469006931,1995-09-15,Repeat sales HPI,Townhouse
1995-Oct,0,154.5551892271258,1995-10-15,Repeat sales HPI,Townhouse
1995-Nov,0,147.2285956320863,1995-11-15,Repeat sales HPI,Townhouse
1995-Dec,0,139.43810562589482,1995-12-15,Repeat sales HPI,Townhouse
1996-Jan,0,150.4934047709841,1996-01-15,Repeat sales HPI,Townhouse
1996-Feb,0,147.49499663082614,1996-02-15,Repeat sales HPI,Townhouse
1996-Mar,0,145.70723763486404,1996-03-15,Repeat sales HPI,Townhouse
1996-Apr,0,134.20814399122304,1996-04-15,Repeat sales HPI,Townhouse
1996-May,0,130.13724175086628,1996-05-15,Repeat sales HPI,Townhouse
1996-Jun,0,129.7358272986287,1996-06-15,Repeat sales HPI,Townhouse
1996-Jul,0,131.9859094154804,1996-07-15,Repeat sales HPI,Townhouse
1996-Aug,0,133.60835442863106,1996-08-15,Repeat sales HPI,Townhouse
1996-Sep,0,132.9093419852146,1996-09-15,Repeat sales HPI,Townhouse
1996-Oct,0,138.49099490127796,1996-10-15,Repeat sales HPI,Townhouse
1996-Nov,0,137.0823843393833,1996-11-15,Repeat sales HPI,Townhouse
1996-Dec,0,143.19934078682482,1996-12-15,Repeat sales HPI,Townhouse
1997-Jan,0,140.18486323480954,1997-01-15,Repeat sales HPI,Townhouse
1997-Feb,0,140.8092091988038,1997-02-15,Repeat sales HPI,Townhouse
1997-Mar,0,137.70245272401937,1997-03-15,Repeat sales HPI,Townhouse
1997-Apr,0,141.42391438819726,1997-04-15,Repeat sales HPI,Townhouse
1997-May,0,132.10615431214632,1997-05-15,Repeat sales HPI,Townhouse
1997-Jun,0,133.66500613923012,1997-06-15,Repeat sales HPI,Townhouse
1997-Jul,0,132.8972080692645,1997-07-15,Repeat sales HPI,Townhouse
1997-Aug,0,129.65199086563067,1997-08-15,Repeat sales HPI,Townhouse
1997-Sep,0,127.68431135504319,1997-09-15,Repeat sales HPI,Townhouse
1997-Oct,0,139.12885164788025,1997-10-15,Repeat sales HPI,Townhouse
1997-Nov,0,131.57229131577984,1997-11-15,Repeat sales HPI,Townhouse
1997-Dec,0,134.41800777626568,1997-12-15,Repeat sales HPI,Townhouse
1998-Jan,0,129.55504208829612,1998-01-15,Repeat sales HPI,Townhouse
1998-Feb,0,131.72537884777645,1998-02-15,Repeat sales HPI,Townhouse
1998-Mar,0,129.22481712476463,1998-03-15,Repeat sales HPI,Townhouse
1998-Apr,0,130.2722430832735,1998-04-15,Repeat sales HPI,Townhouse
1998-May,0,125.06422788701124,1998-05-15,Repeat sales HPI,Townhouse
1998-Jun,0,119.67125097821774,1998-06-15,Repeat sales HPI,Townhouse
1998-Jul,0,124.51960729178346,1998-07-15,Repeat sales HPI,Townhouse
1998-Aug,0,125.84721187733872,1998-08-15,Repeat sales HPI,Townhouse
1998-Sep,0,124.98009789504097,1998-09-15,Repeat sales HPI,Townhouse
1998-Oct,0,120.89967945903526,1998-10-15,Repeat sales HPI,Townhouse
1998-Nov,0,124.25588755319588,1998-11-15,Repeat sales HPI,Townhouse
1998-Dec,0,121.8916294292751,1998-12-15,Repeat sales HPI,Townhouse
1999-Jan,0,133.15761167164655,1999-01-15,Repeat sales HPI,Townhouse
1999-Feb,0,121.29033884212947,1999-02-15,Repeat sales HPI,Townhouse
1999-Mar,0,123.277699803037,1999-03-15,Repeat sales HPI,Townhouse
1999-Apr,0,132.16215381387116,1999-04-15,Repeat sales HPI,Townhouse
1999-May,0,125.28404128338357,1999-05-15,Repeat sales HPI,Townhouse
1999-Jun,0,124.0893750167122,1999-06-15,Repeat sales HPI,Townhouse
1999-Jul,0,126.26861814452491,1999-07-15,Repeat sales HPI,Townhouse
1999-Aug,0,122.18711186573385,1999-08-15,Repeat sales HPI,Townhouse
1999-Sep,0,123.73990802660431,1999-09-15,Repeat sales HPI,Townhouse
1999-Oct,0,120.53004869611807,1999-10-15,Repeat sales HPI,Townhouse
1999-Nov,0,119.02202355155774,1999-11-15,Repeat sales HPI,Townhouse
1999-Dec,0,116.93189514024857,1999-12-15,Repeat sales HPI,Townhouse
2000-Jan,0,132.88891497538927,2000-01-15,Repeat sales HPI,Townhouse
2000-Feb,0,121.29204622615262,2000-02-15,Repeat sales HPI,Townhouse
2000-Mar,0,125.21705575887422,2000-03-15,Repeat sales HPI,Townhouse
2000-Apr,0,131.55489785699547,2000-04-15,Repeat sales HPI,Townhouse
2000-May,0,123.2811765281572,2000-05-15,Repeat sales HPI,Townhouse
2000-Jun,0,126.88689959292849,2000-06-15,Repeat sales HPI,Townhouse
2000-Jul,0,126.70607186963929,2000-07-15,Repeat sales HPI,Townhouse
2000-Aug,0,121.83528254084115,2000-08-15,Repeat sales HPI,Townhouse
2000-Sep,0,124.94215803690648,2000-09-15,Repeat sales HPI,Townhouse
2000-Oct,0,121.72079087867938,2000-10-15,Repeat sales HPI,Townhouse
2000-Nov,0,120.29750310289396,2000-11-15,Repeat sales HPI,Townhouse
2000-Dec,0,116.22701627610425,2000-12-15,Repeat sales HPI,Townhouse
2001-Jan,0,121.39382508154854,2001-01-15,Repeat sales HPI,Townhouse
2001-Feb,0,127.79192723137393,2001-02-15,Repeat sales HPI,Townhouse
2001-Mar,0,130.6423885803426,2001-03-15,Repeat sales HPI,Townhouse
2001-Apr,0,125.90403258437597,2001-04-15,Repeat sales HPI,Townhouse
2001-May,0,123.87343370772108,2001-05-15,Repeat sales HPI,Townhouse
2001-Jun,0,127.60458198675151,2001-06-15,Repeat sales HPI,Townhouse
2001-Jul,0,128.03586092298386,2001-07-15,Repeat sales HPI,Townhouse
2001-Aug,0,129.1866211404009,2001-08-15,Repeat sales HPI,Townhouse
2001-Sep,0,127.2105677773254,2001-09-15,Repeat sales HPI,Townhouse
2001-Oct,0,129.1230807347452,2001-10-15,Repeat sales HPI,Townhouse
2001-Nov,0,131.5575763118646,2001-11-15,Repeat sales HPI,Townhouse
2001-Dec,0,128.77304926730807,2001-12-15,Repeat sales HPI,Townhouse
2002-Jan,0,133.82082778526708,2002-01-15,Repeat sales HPI,Townhouse
2002-Feb,0,136.40009549132898,2002-02-15,Repeat sales HPI,Townhouse
2002-Mar,0,137.08433129696965,2002-03-15,Repeat sales HPI,Townhouse
2002-Apr,0,139.69016498304208,2002-04-15,Repeat sales HPI,Townhouse
2002-May,0,134.4626403146782,2002-05-15,Repeat sales HPI,Townhouse
2002-Jun,0,142.06485305233483,2002-06-15,Repeat sales HPI,Townhouse
2002-Jul,0,136.9464962984497,2002-07-15,Repeat sales HPI,Townhouse
2002-Aug,0,139.94061536119926,2002-08-15,Repeat sales HPI,Townhouse
2002-Sep,0,144.77532689267875,2002-09-15,Repeat sales HPI,Townhouse
2002-Oct,0,140.14436947575516,2002-10-15,Repeat sales HPI,Townhouse
2002-Nov,0,145.63502120032646,2002-11-15,Repeat sales HPI,Townhouse
2002-Dec,0,140.6585915888547,2002-12-15,Repeat sales HPI,Townhouse
2003-Jan,0,144.25042348454548,2003-01-15,Repeat sales HPI,Townhouse
2003-Feb,0,143.9857498212061,2003-02-15,Repeat sales HPI,Townhouse
2003-Mar,0,149.1645114496116,2003-03-15,Repeat sales HPI,Townhouse
2003-Apr,0,146.79014184398292,2003-04-15,Repeat sales HPI,Townhouse
2003-May,0,144.81608263949497,2003-05-15,Repeat sales HPI,Townhouse
2003-Jun,0,147.7845732600672,2003-06-15,Repeat sales HPI,Townhouse
2003-Jul,0,152.35833342398578,2003-07-15,Repeat sales HPI,Townhouse
2003-Aug,0,154.20300607754567,2003-08-15,Repeat sales HPI,Townhouse
2003-Sep,0,157.05035982484367,2003-09-15,Repeat sales HPI,Townhouse
2003-Oct,0,154.5950372674437,2003-10-15,Repeat sales HPI,Townhouse
2003-Nov,0,156.87358790857255,2003-11-15,Repeat sales HPI,Townhouse
2003-Dec,0,151.80254826528346,2003-12-15,Repeat sales HPI,Townhouse
2004-Jan,0,163.47157425821996,2004-01-15,Repeat sales HPI,Townhouse
2004-Feb,0,168.66942170466058,2004-02-15,Repeat sales HPI,Townhouse
2004-Mar,0,175.56896526833182,2004-03-15,Repeat sales HPI,Townhouse
2004-Apr,0,178.88819776639102,2004-04-15,Repeat sales HPI,Townhouse
2004-May,0,177.2807787476831,2004-05-15,Repeat sales HPI,Townhouse
2004-Jun,0,181.25874225458816,2004-06-15,Repeat sales HPI,Townhouse
2004-Jul,0,180.11041738865785,2004-07-15,Repeat sales HPI,Townhouse
2004-Aug,0,178.82724216065628,2004-08-15,Repeat sales HPI,Townhouse
2004-Sep,0,182.55822341351862,2004-09-15,Repeat sales HPI,Townhouse
2004-Oct,0,181.71315209241092,2004-10-15,Repeat sales HPI,Townhouse
2004-Nov,0,180.68207354930587,2004-11-15,Repeat sales HPI,Townhouse
2004-Dec,0,179.64945394684005,2004-12-15,Repeat sales HPI,Townhouse
2005-Jan,0,183.2006927087681,2005-01-15,Repeat sales HPI,Townhouse
2005-Feb,0,188.314878907781,2005-02-15,Repeat sales HPI,Townhouse
2005-Mar,0,190.05995704516926,2005-03-15,Repeat sales HPI,Townhouse
2005-Apr,0,193.25341419723756,2005-04-15,Repeat sales HPI,Townhouse
2005-May,0,196.38327981248133,2005-05-15,Repeat sales HPI,Townhouse
2005-Jun,0,198.5838590123148,2005-06-15,Repeat sales HPI,Townhouse
2005-Jul,0,200.85046094647484,2005-07-15,Repeat sales HPI,Townhouse
2005-Aug,0,202.97630150385794,2005-08-15,Repeat sales HPI,Townhouse
2005-Sep,0,206.2236011426302,2005-09-15,Repeat sales HPI,Townhouse
2005-Oct,0,208.32971729956563,2005-10-15,Repeat sales HPI,Townhouse
2005-Nov,0,209.31026887808207,2005-11-15,Repeat sales HPI,Townhouse
2005-Dec,0,210.28390204526124,2005-12-15,Repeat sales HPI,Townhouse
2006-Jan,0,216.1753124889972,2006-01-15,Repeat sales HPI,Townhouse
2006-Feb,0,220.03535380031397,2006-02-15,Repeat sales HPI,Townhouse
2006-Mar,0,226.88187282872047,2006-03-15,Repeat sales HPI,Townhouse
2006-Apr,0,231.08269702068944,2006-04-15,Repeat sales HPI,Townhouse
2006-May,0,235.04184344256086,2006-05-15,Repeat sales HPI,Townhouse
2006-Jun,0,239.74557377520242,2006-06-15,Repeat sales HPI,Townhouse
2006-Jul,0,241.81158278697436,2006-07-15,Repeat sales HPI,Townhouse
2006-Aug,0,246.269316673978,2006-08-15,Repeat sales HPI,Townhouse
2006-Sep,0,244.4204170188494,2006-09-15,Repeat sales HPI,Townhouse
2006-Oct,0,245.50834906383167,2006-10-15,Repeat sales HPI,Townhouse
2006-Nov,0,247.59640125522046,2006-11-15,Repeat sales HPI,Townhouse
2006-Dec,0,243.44762569532583,2006-12-15,Repeat sales HPI,Townhouse
2007-Jan,0,247.89593706442142,2007-01-15,Repeat sales HPI,Townhouse
2007-Feb,0,250.70837362095597,2007-02-15,Repeat sales HPI,Townhouse
2007-Mar,0,253.6872168594008,2007-03-15,Repeat sales HPI,Townhouse
2007-Apr,0,256.7083398005796,2007-04-15,Repeat sales HPI,Townhouse
2007-May,0,260.1985431250138,2007-05-15,Repeat sales HPI,Townhouse
2007-Jun,0,261.4248967317212,2007-06-15,Repeat sales HPI,Townhouse
2007-Jul,0,265.13764019917153,2007-07-15,Repeat sales HPI,Townhouse
2007-Aug,0,265.8574732400125,2007-08-15,Repeat sales HPI,Townhouse
2007-Sep,0,266.5082948359178,2007-09-15,Repeat sales HPI,Townhouse
2007-Oct,0,265.53218445560447,2007-10-15,Repeat sales HPI,Townhouse
2007-Nov,0,268.21663718745856,2007-11-15,Repeat sales HPI,Townhouse
2007-Dec,0,270.19271876582434,2007-12-15,Repeat sales HPI,Townhouse
2008-Jan,0,270.1605642289608,2008-01-15,Repeat sales HPI,Townhouse
2008-Feb,0,275.6316873717675,2008-02-15,Repeat sales HPI,Townhouse
2008-Mar,0,276.0898760695376,2008-03-15,Repeat sales HPI,Townhouse
2008-Apr,0,277.5267046665341,2008-04-15,Repeat sales HPI,Townhouse
2008-May,0,275.1789883727358,2008-05-15,Repeat sales HPI,Townhouse
2008-Jun,0,273.4606400131489,2008-06-15,Repeat sales HPI,Townhouse
2008-Jul,0,271.9809967036888,2008-07-15,Repeat sales HPI,Townhouse
2008-Aug,0,268.5005390769489,2008-08-15,Repeat sales HPI,Townhouse
2008-Sep,0,268.8363016927684,2008-09-15,Repeat sales HPI,Townhouse
2008-Oct,0,257.5272996670254,2008-10-15,Repeat sales HPI,Townhouse
2008-Nov,0,247.68702317609444,2008-11-15,Repeat sales HPI,Townhouse
2008-Dec,0,242.43482490984132,2008-12-15,Repeat sales HPI,Townhouse
2009-Jan,0,242.07344704936102,2009-01-15,Repeat sales HPI,Townhouse
2009-Feb,0,242.2186578560338,2009-02-15,Repeat sales HPI,Townhouse
2009-Mar,0,241.68134625240515,2009-03-15,Repeat sales HPI,Townhouse
2009-Apr,0,244.68690831651304,2009-04-15,Repeat sales HPI,Townhouse
2009-May,0,247.99290141379657,2009-05-15,Repeat sales HPI,Townhouse
2009-Jun,0,252.4335741250753,2009-06-15,Repeat sales HPI,Townhouse
2009-Jul,0,256.98531239966223,2009-07-15,Repeat sales HPI,Townhouse
2009-Aug,0,257.40958365730415,2009-08-15,Repeat sales HPI,Townhouse
2009-Sep,0,263.9860389541105,2009-09-15,Repeat sales HPI,Townhouse
2009-Oct,0,264.29287667947034,2009-10-15,Repeat sales HPI,Townhouse
2009-Nov,0,268.27179851142125,2009-11-15,Repeat sales HPI,Townhouse
2009-Dec,0,265.41833053712685,2009-12-15,Repeat sales HPI,Townhouse
2010-Jan,0,270.1013476786757,2010-01-15,Repeat sales HPI,Townhouse
2010-Feb,0,273.59988148828785,2010-02-15,Repeat sales HPI,Townhouse
2010-Mar,0,275.2697414620058,2010-03-15,Repeat sales HPI,Townhouse
2010-Apr,0,273.24651866801224,2010-04-15,Repeat sales HPI,Townhouse
2010-May,0,276.2169229915779,2010-05-15,Repeat sales HPI,Townhouse
2010-Jun,0,273.27480284551024,2010-06-15,Repeat sales HPI,Townhouse
2010-Jul,0,269.50292363275963,2010-07-15,Repeat sales HPI,Townhouse
2010-Aug,0,268.6678595675775,2010-08-15,Repeat sales HPI,Townhouse
2010-Sep,0,267.3999430579649,2010-09-15,Repeat sales HPI,Townhouse
2010-Oct,0,267.46087605053674,2010-10-15,Repeat sales HPI,Townhouse
2010-Nov,0,268.00415536758464,2010-11-15,Repeat sales HPI,Townhouse
2010-Dec,0,270.29122447301745,2010-12-15,Repeat sales HPI,Townhouse
2011-Jan,0,273.43981243187693,2011-01-15,Repeat sales HPI,Townhouse
2011-Feb,0,275.80138540079514,2011-02-15,Repeat sales HPI,Townhouse
2011-Mar,0,277.31312821582657,2011-03-15,Repeat sales HPI,Townhouse
2011-Apr,0,277.3429332244651,2011-04-15,Repeat sales HPI,Townhouse
2011-May,0,280.40499895930304,2011-05-15,Repeat sales HPI,Townhouse
2011-Jun,0,277.80612797292684,2011-06-15,Repeat sales HPI,Townhouse
2011-Jul,0,280.0794073844657,2011-07-15,Repeat sales HPI,Townhouse
2011-Aug,0,273.6788989797162,2011-08-15,Repeat sales HPI,Townhouse
2011-Sep,0,276.05136990616666,2011-09-15,Repeat sales HPI,Townhouse
2011-Oct,0,276.75995186657974,2011-10-15,Repeat sales HPI,Townhouse
2011-Nov,0,273.9360803190873,2011-11-15,Repeat sales HPI,Townhouse
2011-Dec,0,270.3190194316906,2011-12-15,Repeat sales HPI,Townhouse
2012-Jan,0,272.47423993382375,2012-01-15,Repeat sales HPI,Townhouse
2012-Feb,0,275.40401808442,2012-02-15,Repeat sales HPI,Townhouse
2012-Mar,0,278.0648689650862,2012-03-15,Repeat sales HPI,Townhouse
2012-Apr,0,275.35002233367584,2012-04-15,Repeat sales HPI,Townhouse
2012-May,0,277.44358040838836,2012-05-15,Repeat sales HPI,Townhouse
2012-Jun,0,274.62281021768814,2012-06-15,Repeat sales HPI,Townhouse
2012-Jul,0,271.3143623042513,2012-07-15,Repeat sales HPI,Townhouse
2012-Aug,0,267.60875329220084,2012-08-15,Repeat sales HPI,Townhouse
2012-Sep,0,270.4021597827566,2012-09-15,Repeat sales HPI,Townhouse
2012-Oct,0,265.0724982870823,2012-10-15,Repeat sales HPI,Townhouse
2012-Nov,0,266.1520988770198,2012-11-15,Repeat sales HPI,Townhouse
2012-Dec,0,264.29181915976613,2012-12-15,Repeat sales HPI,Townhouse
2013-Jan,0,269.72178223375204,2013-01-15,Repeat sales HPI,Townhouse
2013-Feb,0,270.1711466422842,2013-02-15,Repeat sales HPI,Townhouse
2013-Mar,0,270.928596054852,2013-03-15,Repeat sales HPI,Townhouse
2013-Apr,0,270.8332240797933,2013-04-15,Repeat sales HPI,Townhouse
2013-May,0,271.1388062617565,2013-05-15,Repeat sales HPI,Townhouse
2013-Jun,0,268.85080235978427,2013-06-15,Repeat sales HPI,Townhouse
2013-Jul,0,270.6767431042331,2013-07-15,Repeat sales HPI,Townhouse
2013-Aug,0,269.40465713827984,2013-08-15,Repeat sales HPI,Townhouse
2013-Sep,0,270.24847062130874,2013-09-15,Repeat sales HPI,Townhouse
2013-Oct,0,271.1389395693742,2013-10-15,Repeat sales HPI,Townhouse
2013-Nov,0,271.4669828143957,2013-11-15,Repeat sales HPI,Townhouse
2013-Dec,0,272.8078207756258,2013-12-15,Repeat sales HPI,Townhouse
2014-Jan,0,271.81831929734636,2014-01-15,Repeat sales HPI,Townhouse
2014-Feb,0,273.519297546213,2014-02-15,Repeat sales HPI,Townhouse
2014-Mar,0,273.0895108089951,2014-03-15,Repeat sales HPI,Townhouse
2014-Apr,0,275.71748768700326,2014-04-15,Repeat sales HPI,Townhouse
2014-May,0,275.5544752005827,2014-05-15,Repeat sales HPI,Townhouse
2014-Jun,0,274.4327475574848,2014-06-15,Repeat sales HPI,Townhouse
2014-Jul,0,277.02936088148095,2014-07-15,Repeat sales HPI,Townhouse
2014-Aug,0,273.757358490258,2014-08-15,Repeat sales HPI,Townhouse
2014-Sep,0,278.15328231812214,2014-09-15,Repeat sales HPI,Townhouse
2014-Oct,0,280.0187820431437,2014-10-15,Repeat sales HPI,Townhouse
2014-Nov,0,281.0517438518142,2014-11-15,Repeat sales HPI,Townhouse
2014-Dec,0,274.58358419178364,2014-12-15,Repeat sales HPI,Townhouse
2015-Jan,0,285.1735214626387,2015-01-15,Repeat sales HPI,Townhouse
2015-Feb,0,280.20569227741896,2015-02-15,Repeat sales HPI,Townhouse
2015-Mar,0,286.34188543091074,2015-03-15,Repeat sales HPI,Townhouse
2015-Apr,0,288.7960905543447,2015-04-15,Repeat sales HPI,Townhouse
2015-May,0,290.22249914047086,2015-05-15,Repeat sales HPI,Townhouse
2015-Jun,0,293.2933823115458,2015-06-15,Repeat sales HPI,Townhouse
2015-Jul,0,292.7197439702749,2015-07-15,Repeat sales HPI,Townhouse
2015-Aug,0,294.71244474564827,2015-08-15,Repeat sales HPI,Townhouse
2015-Sep,0,299.3625666609111,2015-09-15,Repeat sales HPI,Townhouse
2015-Oct,0,302.01626365621087,2015-10-15,Repeat sales HPI,Townhouse
2015-Nov,0,305.7224857771622,2015-11-15,Repeat sales HPI,Townhouse
2015-Dec,0,305.28700978749566,2015-12-15,Repeat sales HPI,Townhouse
2016-Jan,0,311.8053175314578,2016-01-15,Repeat sales HPI,Townhouse
2016-Feb,0,326.57230636795526,2016-02-15,Repeat sales HPI,Townhouse
2016-Mar,0,345.78496153190355,2016-03-15,Repeat sales HPI,Townhouse
2016-Apr,0,360.13912337458385,2016-04-15,Repeat sales HPI,Townhouse
2016-May,0,366.5957507359543,2016-05-15,Repeat sales HPI,Townhouse
2016-Jun,0,386.2341552866653,2016-06-15,Repeat sales HPI,Townhouse
2016-Jul,0,381.75804729790013,2016-07-15,Repeat sales HPI,Townhouse
2016-Aug,0,374.84840021690223,2016-08-15,Repeat sales HPI,Townhouse
2016-Sep,0,373.84843230912327,2016-09-15,Repeat sales HPI,Townhouse
2016-Oct,0,379.1944912235313,2016-10-15,Repeat sales HPI,Townhouse
2016-Nov,0,378.73822069620485,2016-11-15,Repeat sales HPI,Townhouse
2016-Dec,0,378.74921310990413,2016-12-15,Repeat sales HPI,Townhouse
2017-Jan,0,387.3892447193011,2017-01-15,Repeat sales HPI,Townhouse
2017-Feb,0,396.6801741894308,2017-02-15,Repeat sales HPI,Townhouse
2017-Mar,0,405.46723704031473,2017-03-15,Repeat sales HPI,Townhouse
2017-Apr,0,419.8564855106511,2017-04-15,Repeat sales HPI,Townhouse
2017-May,0,433.23109007389667,2017-05-15,Repeat sales HPI,Townhouse
2017-Jun,0,440.9267130830135,2017-06-15,Repeat sales HPI,Townhouse
2017-Jul,0,445.8531567256664,2017-07-15,Repeat sales HPI,Townhouse
2017-Aug,0,442.1785018618746,2017-08-15,Repeat sales HPI,Townhouse
2017-Sep,0,452.17272649370307,2017-09-15,Repeat sales HPI,Townhouse
2017-Oct,0,455.11420252000374,2017-10-15,Repeat sales HPI,Townhouse
2017-Nov,0,460.3780101207762,2017-11-15,Repeat sales HPI,Townhouse
2017-Dec,0,462.0712121485151,2017-12-15,Repeat sales HPI,Townhouse
2018-Jan,0,472.8194416499834,2018-01-15,Repeat sales HPI,Townhouse
2018-Feb,0,479.61936191402435,2018-02-15,Repeat sales HPI,Townhouse
2018-Mar,0,479.498595946862,2018-03-15,Repeat sales HPI,Townhouse
2018-Apr,0,485.6360919078084,2018-04-15,Repeat sales HPI,Townhouse
2018-May,0,484.92192384378893,2018-05-15,Repeat sales HPI,Townhouse
2018-Jun,0,472.89740926719566,2018-06-15,Repeat sales HPI,Townhouse
2018-Jul,0,469.973338493428,2018-07-15,Repeat sales HPI,Townhouse
2018-Aug,0,468.10878654440273,2018-08-15,Repeat sales HPI,Townhouse
2018-Sep,0,459.39216648206144,2018-09-15,Repeat sales HPI,Townhouse
2018-Oct,0,459.4390898065056,2018-10-15,Repeat sales HPI,Townhouse
2018-Nov,0,448.4892382865796,2018-11-15,Repeat sales HPI,Townhouse
2018-Dec,0,445.4249881243104,2018-12-15,Repeat sales HPI,Townhouse
2019-Jan,0,440.6719593320364,2019-01-15,Repeat sales HPI,Townhouse
2019-Feb,0,449.09848931195836,2019-02-15,Repeat sales HPI,Townhouse
2019-Mar,0,455.82484322706483,2019-03-15,Repeat sales HPI,Townhouse
2019-Apr,0,448.8184027702805,2019-04-15,Repeat sales HPI,Townhouse
2019-May,0,449.3134551198712,2019-05-15,Repeat sales HPI,Townhouse
2019-Jun,0,442.3621674132881,2019-06-15,Repeat sales HPI,Townhouse
2019-Jul,0,443.5685876558594,2019-07-15,Repeat sales HPI,Townhouse
2019-Aug,0,438.9874802463483,2019-08-15,Repeat sales HPI,Townhouse
2019-Sep,0,437.2518620639064,2019-09-15,Repeat sales HPI,Townhouse
2019-Oct,0,441.1951562685578,2019-10-15,Repeat sales HPI,Townhouse
2019-Nov,0,442.9401162355251,2019-11-15,Repeat sales HPI,Townhouse
2019-Dec,0,447.06240844590974,2019-12-15,Repeat sales HPI,Townhouse
2020-Jan,0,454.57886060476767,2020-01-15,Repeat sales HPI,Townhouse
2020-Feb,0,457.23229618970754,2020-02-15,Repeat sales HPI,Townhouse
2020-Mar,0,470.0462657226396,2020-03-15,Repeat sales HPI,Townhouse
2020-Apr,0,452.4678848809311,2020-04-15,Repeat sales HPI,Townhouse
2020-May,0,458.4721464168241,2020-05-15,Repeat sales HPI,Townhouse
2020-Jun,0,463.2235631706628,2020-06-15,Repeat sales HPI,Townhouse
2020-Jul,0,463.0065240044554,2020-07-15,Repeat sales HPI,Townhouse
2020-Aug,0,466.2427225375246,2020-08-15,Repeat sales HPI,Townhouse
2020-Sep,0,470.3365568019543,2020-09-15,Repeat sales HPI,Townhouse
2020-Oct,0,467.20395669869663,2020-10-15,Repeat sales HPI,Townhouse
2020-Nov,0,476.2376745579666,2020-11-15,Repeat sales HPI,Townhouse
2020-Dec,0,484.71758694048896,2020-12-15,Repeat sales HPI,Townhouse
2021-Jan,0,494.8038655536133,2021-01-15,Repeat sales HPI,Townhouse
2021-Feb,0,521.0769952535832,2021-02-15,Repeat sales HPI,Townhouse
2021-Mar,0,536.5405347248555,2021-03-15,Repeat sales HPI,Townhouse
2021-Apr,0,550.9393374891672,2021-04-15,Repeat sales HPI,Townhouse
2021-May,0,548.4466959956997,2021-05-15,Repeat sales HPI,Townhouse
2021-Jun,0,551.6457682984536,2021-06-15,Repeat sales HPI,Townhouse
2021-Jul,0,550.5154195447608,2021-07-15,Repeat sales HPI,Townhouse
2021-Aug,0,564.5741187635762,2021-08-15,Repeat sales HPI,Townhouse
2021-Sep,0,573.7288820828143,2021-09-15,Repeat sales HPI,Townhouse
2021-Oct,0,588.8847696469953,2021-10-15,Repeat sales HPI,Townhouse
2021-Nov,0,619.7985657050078,2021-11-15,Repeat sales HPI,Townhouse
2021-Dec,0,633.0044299760222,2021-12-15,Repeat sales HPI,Townhouse
1991-Jan,0,100,1991-01-15,Repeat sales HPI,SFH
1991-Feb,0,103.33222598714147,1991-02-15,Repeat sales HPI,SFH
1991-Mar,0,108.08778846951137,1991-03-15,Repeat sales HPI,SFH
1991-Apr,0,111.52992969856564,1991-04-15,Repeat sales HPI,SFH
1991-May,0,113.56431925539545,1991-05-15,Repeat sales HPI,SFH
1991-Jun,0,113.96299662665432,1991-06-15,Repeat sales HPI,SFH
1991-Jul,0,117.20799122663925,1991-07-15,Repeat sales HPI,SFH
1991-Aug,0,117.62126016102283,1991-08-15,Repeat sales HPI,SFH
1991-Sep,0,117.20349005874368,1991-09-15,Repeat sales HPI,SFH
1991-Oct,0,117.32521977026013,1991-10-15,Repeat sales HPI,SFH
1991-Nov,0,119.03520996735277,1991-11-15,Repeat sales HPI,SFH
1991-Dec,0,118.79442004161515,1991-12-15,Repeat sales HPI,SFH
1992-Jan,0,119.4648848175508,1992-01-15,Repeat sales HPI,SFH
1992-Feb,0,122.23267156398133,1992-02-15,Repeat sales HPI,SFH
1992-Mar,0,124.9038290318315,1992-03-15,Repeat sales HPI,SFH
1992-Apr,0,127.32249863572278,1992-04-15,Repeat sales HPI,SFH
1992-May,0,128.24027566313373,1992-05-15,Repeat sales HPI,SFH
1992-Jun,0,128.02806974651924,1992-06-15,Repeat sales HPI,SFH
1992-Jul,0,129.38893268668176,1992-07-15,Repeat sales HPI,SFH
1992-Aug,0,130.2774872459167,1992-08-15,Repeat sales HPI,SFH
1992-Sep,0,132.45359615973317,1992-09-15,Repeat sales HPI,SFH
1992-Oct,0,134.07599700973114,1992-10-15,Repeat sales HPI,SFH
1992-Nov,0,137.37449528960914,1992-11-15,Repeat sales HPI,SFH
1992-Dec,0,137.31341057084322,1992-12-15,Repeat sales HPI,SFH
1993-Jan,0,138.714761165458,1993-01-15,Repeat sales HPI,SFH
1993-Feb,0,140.4359331929224,1993-02-15,Repeat sales HPI,SFH
1993-Mar,0,144.96101869547888,1993-03-15,Repeat sales HPI,SFH
1993-Apr,0,147.23493147084585,1993-04-15,Repeat sales HPI,SFH
1993-May,0,147.18615203860355,1993-05-15,Repeat sales HPI,SFH
1993-Jun,0,148.13191242763574,1993-06-15,Repeat sales HPI,SFH
1993-Jul,0,148.24719289767648,1993-07-15,Repeat sales HPI,SFH
1993-Aug,0,147.6943802108684,1993-08-15,Repeat sales HPI,SFH
1993-Sep,0,149.88291650042683,1993-09-15,Repeat sales HPI,SFH
1993-Oct,0,148.2061565762728,1993-10-15,Repeat sales HPI,SFH
1993-Nov,0,148.91798147864048,1993-11-15,Repeat sales HPI,SFH
1993-Dec,0,148.7200874437874,1993-12-15,Repeat sales HPI,SFH
1994-Jan,0,147.66605093374025,1994-01-15,Repeat sales HPI,SFH
1994-Feb,0,152.48600915272542,1994-02-15,Repeat sales HPI,SFH
1994-Mar,0,152.09103467389616,1994-03-15,Repeat sales HPI,SFH
1994-Apr,0,155.10763649890023,1994-04-15,Repeat sales HPI,SFH
1994-May,0,156.27373512068453,1994-05-15,Repeat sales HPI,SFH
1994-Jun,0,155.53067069974384,1994-06-15,Repeat sales HPI,SFH
1994-Jul,0,156.4953527895663,1994-07-15,Repeat sales HPI,SFH
1994-Aug,0,158.28179678963338,1994-08-15,Repeat sales HPI,SFH
1994-Sep,0,155.05085756217426,1994-09-15,Repeat sales HPI,SFH
1994-Oct,0,155.57049278271535,1994-10-15,Repeat sales HPI,SFH
1994-Nov,0,155.9368062394914,1994-11-15,Repeat sales HPI,SFH
1994-Dec,0,154.7300023860844,1994-12-15,Repeat sales HPI,SFH
1995-Jan,0,154.01395175583212,1995-01-15,Repeat sales HPI,SFH
1995-Feb,0,156.47403202049645,1995-02-15,Repeat sales HPI,SFH
1995-Mar,0,153.59475225840632,1995-03-15,Repeat sales HPI,SFH
1995-Apr,0,153.21678428183375,1995-04-15,Repeat sales HPI,SFH
1995-May,0,151.1083152324729,1995-05-15,Repeat sales HPI,SFH
1995-Jun,0,150.36971322853094,1995-06-15,Repeat sales HPI,SFH
1995-Jul,0,149.4736384796841,1995-07-15,Repeat sales HPI,SFH
1995-Aug,0,150.75415827229563,1995-08-15,Repeat sales HPI,SFH
1995-Sep,0,150.4578628109634,1995-09-15,Repeat sales HPI,SFH
1995-Oct,0,151.52720884194662,1995-10-15,Repeat sales HPI,SFH
1995-Nov,0,148.08331713624477,1995-11-15,Repeat sales HPI,SFH
1995-Dec,0,149.22040910172973,1995-12-15,Repeat sales HPI,SFH
1996-Jan,0,150.20533060904938,1996-01-15,Repeat sales HPI,SFH
1996-Feb,0,150.86143645022045,1996-02-15,Repeat sales HPI,SFH
1996-Mar,0,149.7937859743404,1996-03-15,Repeat sales HPI,SFH
1996-Apr,0,146.86998918179833,1996-04-15,Repeat sales HPI,SFH
1996-May,0,149.36888214902348,1996-05-15,Repeat sales HPI,SFH
1996-Jun,0,148.57826281439412,1996-06-15,Repeat sales HPI,SFH
1996-Jul,0,147.01204455476358,1996-07-15,Repeat sales HPI,SFH
1996-Aug,0,147.27918952677607,1996-08-15,Repeat sales HPI,SFH
1996-Sep,0,146.3000510089385,1996-09-15,Repeat sales HPI,SFH
1996-Oct,0,146.70318048416055,1996-10-15,Repeat sales HPI,SFH
1996-Nov,0,147.92546809316326,1996-11-15,Repeat sales HPI,SFH
1996-Dec,0,150.09687008346788,1996-12-15,Repeat sales HPI,SFH
1997-Jan,0,149.4876436053853,1997-01-15,Repeat sales HPI,SFH
1997-Feb,0,150.92521369452737,1997-02-15,Repeat sales HPI,SFH
1997-Mar,0,151.1234294501529,1997-03-15,Repeat sales HPI,SFH
1997-Apr,0,151.67169099487904,1997-04-15,Repeat sales HPI,SFH
1997-May,0,150.0968327545841,1997-05-15,Repeat sales HPI,SFH
1997-Jun,0,148.42790454684314,1997-06-15,Repeat sales HPI,SFH
1997-Jul,0,148.34232233006756,1997-07-15,Repeat sales HPI,SFH
1997-Aug,0,146.42900991425486,1997-08-15,Repeat sales HPI,SFH
1997-Sep,0,149.7680841540302,1997-09-15,Repeat sales HPI,SFH
1997-Oct,0,146.72084301464037,1997-10-15,Repeat sales HPI,SFH
1997-Nov,0,145.65696867533657,1997-11-15,Repeat sales HPI,SFH
1997-Dec,0,147.59179412249134,1997-12-15,Repeat sales HPI,SFH
1998-Jan,0,145.21898605857442,1998-01-15,Repeat sales HPI,SFH
1998-Feb,0,145.9702891813793,1998-02-15,Repeat sales HPI,SFH
1998-Mar,0,142.7306444945833,1998-03-15,Repeat sales HPI,SFH
1998-Apr,0,145.37620057284602,1998-04-15,Repeat sales HPI,SFH
1998-May,0,143.24323193796113,1998-05-15,Repeat sales HPI,SFH
1998-Jun,0,141.35879579051877,1998-06-15,Repeat sales HPI,SFH
1998-Jul,0,141.68563724666558,1998-07-15,Repeat sales HPI,SFH
1998-Aug,0,138.110162276096,1998-08-15,Repeat sales HPI,SFH
1998-Sep,0,137.00601006659258,1998-09-15,Repeat sales HPI,SFH
1998-Oct,0,137.08020936402022,1998-10-15,Repeat sales HPI,SFH
1998-Nov,0,135.03208198565838,1998-11-15,Repeat sales HPI,SFH
1998-Dec,0,134.3180887690356,1998-12-15,Repeat sales HPI,SFH
1999-Jan,0,137.00577655528681,1999-01-15,Repeat sales HPI,SFH
1999-Feb,0,139.98914024203927,1999-02-15,Repeat sales HPI,SFH
1999-Mar,0,138.77879081716415,1999-03-15,Repeat sales HPI,SFH
1999-Apr,0,139.36364874953625,1999-04-15,Repeat sales HPI,SFH
1999-May,0,140.4746382392469,1999-05-15,Repeat sales HPI,SFH
1999-Jun,0,140.00054928411703,1999-06-15,Repeat sales HPI,SFH
1999-Jul,0,140.8612862035724,1999-07-15,Repeat sales HPI,SFH
1999-Aug,0,141.84771525895417,1999-08-15,Repeat sales HPI,SFH
1999-Sep,0,138.89318354743256,1999-09-15,Repeat sales HPI,SFH
1999-Oct,0,141.85825550200798,1999-10-15,Repeat sales HPI,SFH
1999-Nov,0,141.33151856557132,1999-11-15,Repeat sales HPI,SFH
1999-Dec,0,140.76598237000826,1999-12-15,Repeat sales HPI,SFH
2000-Jan,0,140.15104026436148,2000-01-15,Repeat sales HPI,SFH
2000-Feb,0,140.40100235897063,2000-02-15,Repeat sales HPI,SFH
2000-Mar,0,139.75682273506925,2000-03-15,Repeat sales HPI,SFH
2000-Apr,0,141.0514517651347,2000-04-15,Repeat sales HPI,SFH
2000-May,0,142.94986223836327,2000-05-15,Repeat sales HPI,SFH
2000-Jun,0,141.7793203596102,2000-06-15,Repeat sales HPI,SFH
2000-Jul,0,141.00051715342698,2000-07-15,Repeat sales HPI,SFH
2000-Aug,0,139.0518655043061,2000-08-15,Repeat sales HPI,SFH
2000-Sep,0,141.2013097308664,2000-09-15,Repeat sales HPI,SFH
2000-Oct,0,139.91719366311588,2000-10-15,Repeat sales HPI,SFH
2000-Nov,0,140.94666196928281,2000-11-15,Repeat sales HPI,SFH
2000-Dec,0,137.61405504793836,2000-12-15,Repeat sales HPI,SFH
2001-Jan,0,139.0926244273342,2001-01-15,Repeat sales HPI,SFH
2001-Feb,0,141.5153909557322,2001-02-15,Repeat sales HPI,SFH
2001-Mar,0,141.03552358691826,2001-03-15,Repeat sales HPI,SFH
2001-Apr,0,142.3290905710881,2001-04-15,Repeat sales HPI,SFH
2001-May,0,142.5607919706839,2001-05-15,Repeat sales HPI,SFH
2001-Jun,0,143.55659102248154,2001-06-15,Repeat sales HPI,SFH
2001-Jul,0,145.04275160847578,2001-07-15,Repeat sales HPI,SFH
2001-Aug,0,143.72221453722574,2001-08-15,Repeat sales HPI,SFH
2001-Sep,0,144.87206334226448,2001-09-15,Repeat sales HPI,SFH
2001-Oct,0,146.96807634617664,2001-10-15,Repeat sales HPI,SFH
2001-Nov,0,147.30034057966319,2001-11-15,Repeat sales HPI,SFH
2001-Dec,0,149.4292316632645,2001-12-15,Repeat sales HPI,SFH
2002-Jan,0,151.14030279569002,2002-01-15,Repeat sales HPI,SFH
2002-Feb,0,154.37432241017657,2002-02-15,Repeat sales HPI,SFH
2002-Mar,0,155.90236364832938,2002-03-15,Repeat sales HPI,SFH
2002-Apr,0,157.83181198885268,2002-04-15,Repeat sales HPI,SFH
2002-May,0,158.49143963647398,2002-05-15,Repeat sales HPI,SFH
2002-Jun,0,158.72141019170184,2002-06-15,Repeat sales HPI,SFH
2002-Jul,0,158.25296825795695,2002-07-15,Repeat sales HPI,SFH
2002-Aug,0,158.75106452666967,2002-08-15,Repeat sales HPI,SFH
2002-Sep,0,160.4123872680735,2002-09-15,Repeat sales HPI,SFH
2002-Oct,0,160.71207239518424,2002-10-15,Repeat sales HPI,SFH
2002-Nov,0,162.32588733123052,2002-11-15,Repeat sales HPI,SFH
2002-Dec,0,163.12253691261816,2002-12-15,Repeat sales HPI,SFH
2003-Jan,0,165.6219410899392,2003-01-15,Repeat sales HPI,SFH
2003-Feb,0,169.3482757485882,2003-02-15,Repeat sales HPI,SFH
2003-Mar,0,170.06351594548033,2003-03-15,Repeat sales HPI,SFH
2003-Apr,0,171.9560606556514,2003-04-15,Repeat sales HPI,SFH
2003-May,0,174.00896749354348,2003-05-15,Repeat sales HPI,SFH
2003-Jun,0,173.28714181086676,2003-06-15,Repeat sales HPI,SFH
2003-Jul,0,178.38554901038734,2003-07-15,Repeat sales HPI,SFH
2003-Aug,0,180.15831766750546,2003-08-15,Repeat sales HPI,SFH
2003-Sep,0,184.16460032166287,2003-09-15,Repeat sales HPI,SFH
2003-Oct,0,186.4272044380495,2003-10-15,Repeat sales HPI,SFH
2003-Nov,0,186.58750474100583,2003-11-15,Repeat sales HPI,SFH
2003-Dec,0,189.4407508791717,2003-12-15,Repeat sales HPI,SFH
2004-Jan,0,194.08103340469395,2004-01-15,Repeat sales HPI,SFH
2004-Feb,0,197.14818288774484,2004-02-15,Repeat sales HPI,SFH
2004-Mar,0,201.7037101547251,2004-03-15,Repeat sales HPI,SFH
2004-Apr,0,205.75104316446152,2004-04-15,Repeat sales HPI,SFH
2004-May,0,210.98859917966024,2004-05-15,Repeat sales HPI,SFH
2004-Jun,0,209.81032386267918,2004-06-15,Repeat sales HPI,SFH
2004-Jul,0,207.75025529759006,2004-07-15,Repeat sales HPI,SFH
2004-Aug,0,208.31027465353057,2004-08-15,Repeat sales HPI,SFH
2004-Sep,0,210.105891863688,2004-09-15,Repeat sales HPI,SFH
2004-Oct,0,208.41048386424146,2004-10-15,Repeat sales HPI,SFH
2004-Nov,0,207.0721843965291,2004-11-15,Repeat sales HPI,SFH
2004-Dec,0,207.82421503271115,2004-12-15,Repeat sales HPI,SFH
2005-Jan,0,209.82545339557026,2005-01-15,Repeat sales HPI,SFH
2005-Feb,0,214.13782274776173,2005-02-15,Repeat sales HPI,SFH
2005-Mar,0,218.21022722956894,2005-03-15,Repeat sales HPI,SFH
2005-Apr,0,221.91397809210804,2005-04-15,Repeat sales HPI,SFH
2005-May,0,226.18481811994883,2005-05-15,Repeat sales HPI,SFH
2005-Jun,0,230.58778054591133,2005-06-15,Repeat sales HPI,SFH
2005-Jul,0,233.1646935727998,2005-07-15,Repeat sales HPI,SFH
2005-Aug,0,236.03160067755357,2005-08-15,Repeat sales HPI,SFH
2005-Sep,0,240.14774870973875,2005-09-15,Repeat sales HPI,SFH
2005-Oct,0,241.83227857958283,2005-10-15,Repeat sales HPI,SFH
2005-Nov,0,245.48549761767765,2005-11-15,Repeat sales HPI,SFH
2005-Dec,0,245.19815465584637,2005-12-15,Repeat sales HPI,SFH
2006-Jan,0,251.02762472604613,2006-01-15,Repeat sales HPI,SFH
2006-Feb,0,255.7414210920216,2006-02-15,Repeat sales HPI,SFH
2006-Mar,0,261.66545180241764,2006-03-15,Repeat sales HPI,SFH
2006-Apr,0,267.9966499952179,2006-04-15,Repeat sales HPI,SFH
2006-May,0,276.0353447121459,2006-05-15,Repeat sales HPI,SFH
2006-Jun,0,278.9201724860351,2006-06-15,Repeat sales HPI,SFH
2006-Jul,0,280.02598233201917,2006-07-15,Repeat sales HPI,SFH
2006-Aug,0,281.6456158705444,2006-08-15,Repeat sales HPI,SFH
2006-Sep,0,284.19395697434544,2006-09-15,Repeat sales HPI,SFH
2006-Oct,0,281.9248202176669,2006-10-15,Repeat sales HPI,SFH
2006-Nov,0,280.35287578578664,2006-11-15,Repeat sales HPI,SFH
2006-Dec,0,275.6788834747596,2006-12-15,Repeat sales HPI,SFH
2007-Jan,0,285.7419981260518,2007-01-15,Repeat sales HPI,SFH
2007-Feb,0,288.13980646783637,2007-02-15,Repeat sales HPI,SFH
2007-Mar,0,293.91765952684875,2007-03-15,Repeat sales HPI,SFH
2007-Apr,0,299.74867502868443,2007-04-15,Repeat sales HPI,SFH
2007-May,0,300.6049174651488,2007-05-15,Repeat sales HPI,SFH
2007-Jun,0,305.12590788104166,2007-06-15,Repeat sales HPI,SFH
2007-Jul,0,305.06981678258626,2007-07-15,Repeat sales HPI,SFH
2007-Aug,0,306.75933659474975,2007-08-15,Repeat sales HPI,SFH
2007-Sep,0,308.9721523351421,2007-09-15,Repeat sales HPI,SFH
2007-Oct,0,308.03421830423514,2007-10-15,Repeat sales HPI,SFH
2007-Nov,0,308.32877378057873,2007-11-15,Repeat sales HPI,SFH
2007-Dec,0,310.0056794967606,2007-12-15,Repeat sales HPI,SFH
2008-Jan,0,313.1452585838765,2008-01-15,Repeat sales HPI,SFH
2008-Feb,0,318.3389988785627,2008-02-15,Repeat sales HPI,SFH
2008-Mar,0,319.75286191059905,2008-03-15,Repeat sales HPI,SFH
2008-Apr,0,320.83856996094084,2008-04-15,Repeat sales HPI,SFH
2008-May,0,321.07308822430315,2008-05-15,Repeat sales HPI,SFH
2008-Jun,0,315.09857607292963,2008-06-15,Repeat sales HPI,SFH
2008-Jul,0,310.2704924916857,2008-07-15,Repeat sales HPI,SFH
2008-Aug,0,304.6074610837224,2008-08-15,Repeat sales HPI,SFH
2008-Sep,0,301.0136119392561,2008-09-15,Repeat sales HPI,SFH
2008-Oct,0,289.06526449562574,2008-10-15,Repeat sales HPI,SFH
2008-Nov,0,280.10175947361427,2008-11-15,Repeat sales HPI,SFH
2008-Dec,0,268.75246344359385,2008-12-15,Repeat sales HPI,SFH
2009-Jan,0,271.75947387328,2009-01-15,Repeat sales HPI,SFH
2009-Feb,0,272.6979689613419,2009-02-15,Repeat sales HPI,SFH
2009-Mar,0,275.3407193849569,2009-03-15,Repeat sales HPI,SFH
2009-Apr,0,280.3899712214188,2009-04-15,Repeat sales HPI,SFH
2009-May,0,285.70408494923254,2009-05-15,Repeat sales HPI,SFH
2009-Jun,0,291.9292298337999,2009-06-15,Repeat sales HPI,SFH
2009-Jul,0,298.1414398122433,2009-07-15,Repeat sales HPI,SFH
2009-Aug,0,303.33354219599767,2009-08-15,Repeat sales HPI,SFH
2009-Sep,0,310.2286020910156,2009-09-15,Repeat sales HPI,SFH
2009-Oct,0,311.6571823606051,2009-10-15,Repeat sales HPI,SFH
2009-Nov,0,316.6248291278919,2009-11-15,Repeat sales HPI,SFH
2009-Dec,0,316.4227405243259,2009-12-15,Repeat sales HPI,SFH
2010-Jan,0,321.2944996152084,2010-01-15,Repeat sales HPI,SFH
2010-Feb,0,325.2980532553725,2010-02-15,Repeat sales HPI,SFH
2010-Mar,0,326.8362754383388,2010-03-15,Repeat sales HPI,SFH
2010-Apr,0,326.65232875661906,2010-04-15,Repeat sales HPI,SFH
2010-May,0,324.02335554476866,2010-05-15,Repeat sales HPI,SFH
2010-Jun,0,323.1006977017681,2010-06-15,Repeat sales HPI,SFH
2010-Jul,0,320.39106399088973,2010-07-15,Repeat sales HPI,SFH
2010-Aug,0,321.0833672185437,2010-08-15,Repeat sales HPI,SFH
2010-Sep,0,320.01272947941584,2010-09-15,Repeat sales HPI,SFH
2010-Oct,0,321.8915984327764,2010-10-15,Repeat sales HPI,SFH
2010-Nov,0,323.7327799504316,2010-11-15,Repeat sales HPI,SFH
2010-Dec,0,330.60569419273065,2010-12-15,Repeat sales HPI,SFH
2011-Jan,0,334.655370594355,2011-01-15,Repeat sales HPI,SFH
2011-Feb,0,341.5953905721286,2011-02-15,Repeat sales HPI,SFH
2011-Mar,0,347.9380319098256,2011-03-15,Repeat sales HPI,SFH
2011-Apr,0,351.0970455330014,2011-04-15,Repeat sales HPI,SFH
2011-May,0,356.140802355674,2011-05-15,Repeat sales HPI,SFH
2011-Jun,0,350.4812500431476,2011-06-15,Repeat sales HPI,SFH
2011-Jul,0,349.9670184332886,2011-07-15,Repeat sales HPI,SFH
2011-Aug,0,348.4873195385422,2011-08-15,Repeat sales HPI,SFH
2011-Sep,0,350.34486171551424,2011-09-15,Repeat sales HPI,SFH
2011-Oct,0,353.4166563104756,2011-10-15,Repeat sales HPI,SFH
2011-Nov,0,346.50908235043516,2011-11-15,Repeat sales HPI,SFH
2011-Dec,0,350.1929313890092,2011-12-15,Repeat sales HPI,SFH
2012-Jan,0,354.2168612515501,2012-01-15,Repeat sales HPI,SFH
2012-Feb,0,355.107043461427,2012-02-15,Repeat sales HPI,SFH
2012-Mar,0,358.40179282932297,2012-03-15,Repeat sales HPI,SFH
2012-Apr,0,357.30125621498166,2012-04-15,Repeat sales HPI,SFH
2012-May,0,356.4783639067771,2012-05-15,Repeat sales HPI,SFH
2012-Jun,0,351.3337013551164,2012-06-15,Repeat sales HPI,SFH
2012-Jul,0,345.80829817669354,2012-07-15,Repeat sales HPI,SFH
2012-Aug,0,349.91104623318694,2012-08-15,Repeat sales HPI,SFH
2012-Sep,0,346.07211294688426,2012-09-15,Repeat sales HPI,SFH
2012-Oct,0,341.8901504823392,2012-10-15,Repeat sales HPI,SFH
2012-Nov,0,340.81554819435087,2012-11-15,Repeat sales HPI,SFH
2012-Dec,0,339.51970724511466,2012-12-15,Repeat sales HPI,SFH
2013-Jan,0,336.6409676485653,2013-01-15,Repeat sales HPI,SFH
2013-Feb,0,349.26736369077815,2013-02-15,Repeat sales HPI,SFH
2013-Mar,0,350.524320049645,2013-03-15,Repeat sales HPI,SFH
2013-Apr,0,347.8908712809985,2013-04-15,Repeat sales HPI,SFH
2013-May,0,351.6193248159905,2013-05-15,Repeat sales HPI,SFH
2013-Jun,0,349.0560833925061,2013-06-15,Repeat sales HPI,SFH
2013-Jul,0,351.0113113402448,2013-07-15,Repeat sales HPI,SFH
2013-Aug,0,349.1093592721781,2013-08-15,Repeat sales HPI,SFH
2013-Sep,0,356.4218166255022,2013-09-15,Repeat sales HPI,SFH
2013-Oct,0,356.34291898532587,2013-10-15,Repeat sales HPI,SFH
2013-Nov,0,360.4370447515585,2013-11-15,Repeat sales HPI,SFH
2013-Dec,0,362.8428280646955,2013-12-15,Repeat sales HPI,SFH
2014-Jan,0,365.087751061414,2014-01-15,Repeat sales HPI,SFH
2014-Feb,0,362.9997943541665,2014-02-15,Repeat sales HPI,SFH
2014-Mar,0,367.3663188054172,2014-03-15,Repeat sales HPI,SFH
2014-Apr,0,369.801493907666,2014-04-15,Repeat sales HPI,SFH
2014-May,0,369.65687269666233,2014-05-15,Repeat sales HPI,SFH
2014-Jun,0,370.96107701975393,2014-06-15,Repeat sales HPI,SFH
2014-Jul,0,372.0862480806752,2014-07-15,Repeat sales HPI,SFH
2014-Aug,0,372.3847087535015,2014-08-15,Repeat sales HPI,SFH
2014-Sep,0,376.19847347588757,2014-09-15,Repeat sales HPI,SFH
2014-Oct,0,379.74710150808954,2014-10-15,Repeat sales HPI,SFH
2014-Nov,0,382.3032751258745,2014-11-15,Repeat sales HPI,SFH
2014-Dec,0,384.38453575306687,2014-12-15,Repeat sales HPI,SFH
2015-Jan,0,392.1968362710291,2015-01-15,Repeat sales HPI,SFH
2015-Feb,0,399.03694469942934,2015-02-15,Repeat sales HPI,SFH
2015-Mar,0,405.3757184545372,2015-03-15,Repeat sales HPI,SFH
2015-Apr,0,413.67904057042824,2015-04-15,Repeat sales HPI,SFH
2015-May,0,416.2655045205361,2015-05-15,Repeat sales HPI,SFH
2015-Jun,0,429.4557077265626,2015-06-15,Repeat sales HPI,SFH
2015-Jul,0,427.2079346319095,2015-07-15,Repeat sales HPI,SFH
2015-Aug,0,434.0896267231983,2015-08-15,Repeat sales HPI,SFH
2015-Sep,0,437.25580495025713,2015-09-15,Repeat sales HPI,SFH
2015-Oct,0,456.35210900572486,2015-10-15,Repeat sales HPI,SFH
2015-Nov,0,467.4226014054221,2015-11-15,Repeat sales HPI,SFH
2015-Dec,0,492.0551702543128,2015-12-15,Repeat sales HPI,SFH
2016-Jan,0,518.8859816605207,2016-01-15,Repeat sales HPI,SFH
2016-Feb,0,541.7322367712925,2016-02-15,Repeat sales HPI,SFH
2016-Mar,0,553.5470835759774,2016-03-15,Repeat sales HPI,SFH
2016-Apr,0,571.9525138042172,2016-04-15,Repeat sales HPI,SFH
2016-May,0,575.7866113905394,2016-05-15,Repeat sales HPI,SFH
2016-Jun,0,576.1644449663589,2016-06-15,Repeat sales HPI,SFH
2016-Jul,0,573.3205005053032,2016-07-15,Repeat sales HPI,SFH
2016-Aug,0,546.9097735759907,2016-08-15,Repeat sales HPI,SFH
2016-Sep,0,534.8926641660595,2016-09-15,Repeat sales HPI,SFH
2016-Oct,0,535.9687149788269,2016-10-15,Repeat sales HPI,SFH
2016-Nov,0,533.7048530504446,2016-11-15,Repeat sales HPI,SFH
2016-Dec,0,534.0616988523213,2016-12-15,Repeat sales HPI,SFH
2017-Jan,0,548.326228015348,2017-01-15,Repeat sales HPI,SFH
2017-Feb,0,564.3160627535681,2017-02-15,Repeat sales HPI,SFH
2017-Mar,0,578.9040508177028,2017-03-15,Repeat sales HPI,SFH
2017-Apr,0,595.363004337662,2017-04-15,Repeat sales HPI,SFH
2017-May,0,613.2820079901853,2017-05-15,Repeat sales HPI,SFH
2017-Jun,0,614.5182268028052,2017-06-15,Repeat sales HPI,SFH
2017-Jul,0,607.9056416209239,2017-07-15,Repeat sales HPI,SFH
2017-Aug,0,601.2555555672741,2017-08-15,Repeat sales HPI,SFH
2017-Sep,0,606.4609965498101,2017-09-15,Repeat sales HPI,SFH
2017-Oct,0,603.5581037752562,2017-10-15,Repeat sales HPI,SFH
2017-Nov,0,610.9913741944067,2017-11-15,Repeat sales HPI,SFH
2017-Dec,0,616.1401631445177,2017-12-15,Repeat sales HPI,SFH
2018-Jan,0,616.7853157524358,2018-01-15,Repeat sales HPI,SFH
2018-Feb,0,616.9380656112057,2018-02-15,Repeat sales HPI,SFH
2018-Mar,0,635.4219512278486,2018-03-15,Repeat sales HPI,SFH
2018-Apr,0,626.2120501724929,2018-04-15,Repeat sales HPI,SFH
2018-May,0,617.2448233747979,2018-05-15,Repeat sales HPI,SFH
2018-Jun,0,610.9648003945872,2018-06-15,Repeat sales HPI,SFH
2018-Jul,0,599.2910026434637,2018-07-15,Repeat sales HPI,SFH
2018-Aug,0,591.8368090277297,2018-08-15,Repeat sales HPI,SFH
2018-Sep,0,582.349633413874,2018-09-15,Repeat sales HPI,SFH
2018-Oct,0,577.5433359336695,2018-10-15,Repeat sales HPI,SFH
2018-Nov,0,563.353730359888,2018-11-15,Repeat sales HPI,SFH
2018-Dec,0,563.391923327498,2018-12-15,Repeat sales HPI,SFH
2019-Jan,0,568.4859651162624,2019-01-15,Repeat sales HPI,SFH
2019-Feb,0,569.3917501111118,2019-02-15,Repeat sales HPI,SFH
2019-Mar,0,569.1556888090605,2019-03-15,Repeat sales HPI,SFH
2019-Apr,0,569.7632008664635,2019-04-15,Repeat sales HPI,SFH
2019-May,0,562.3004687280703,2019-05-15,Repeat sales HPI,SFH
2019-Jun,0,551.7257102435913,2019-06-15,Repeat sales HPI,SFH
2019-Jul,0,558.4663856943408,2019-07-15,Repeat sales HPI,SFH
2019-Aug,0,557.8657519229109,2019-08-15,Repeat sales HPI,SFH
2019-Sep,0,565.0834605920203,2019-09-15,Repeat sales HPI,SFH
2019-Oct,0,566.8829998886329,2019-10-15,Repeat sales HPI,SFH
2019-Nov,0,581.3654165917205,2019-11-15,Repeat sales HPI,SFH
2019-Dec,0,580.485684793288,2019-12-15,Repeat sales HPI,SFH
2020-Jan,0,579.5489920759003,2020-01-15,Repeat sales HPI,SFH
2020-Feb,0,592.5765309467365,2020-02-15,Repeat sales HPI,SFH
2020-Mar,0,597.01992302574115,2020-03-15,Repeat sales HPI,SFH
2020-Apr,0,573.9433760799352,2020-04-15,Repeat sales HPI,SFH
2020-May,0,586.7210941513745,2020-05-15,Repeat sales HPI,SFH
2020-Jun,0,595.9164607280779,2020-06-15,Repeat sales HPI,SFH
2020-Jul,0,613.4029047379288,2020-07-15,Repeat sales HPI,SFH
2020-Aug,0,617.9364417555679,2020-08-15,Repeat sales HPI,SFH
2020-Sep,0,623.9590595661884,2020-09-15,Repeat sales HPI,SFH
2020-Oct,0,637.5210246925977,2020-10-15,Repeat sales HPI,SFH
2020-Nov,0,648.3667951893915,2020-11-15,Repeat sales HPI,SFH
2020-Dec,0,674.2553424557764,2020-12-15,Repeat sales HPI,SFH
2021-Jan,0,692.7882246688496,2021-01-15,Repeat sales HPI,SFH
2021-Feb,0,744.3568408630438,2021-02-15,Repeat sales HPI,SFH
2021-Mar,0,758.6818634652298,2021-03-15,Repeat sales HPI,SFH
2021-Apr,0,747.274608009674,2021-04-15,Repeat sales HPI,SFH
2021-May,0,740.7052878225678,2021-05-15,Repeat sales HPI,SFH
2021-Jun,0,737.4631984400523,2021-06-15,Repeat sales HPI,SFH
2021-Jul,0,743.4922490397166,2021-07-15,Repeat sales HPI,SFH
2021-Aug,0,768.5969591040163,2021-08-15,Repeat sales HPI,SFH
2021-Sep,0,784.1020305877241,2021-09-15,Repeat sales HPI,SFH
2021-Oct,0,806.6260143381079,2021-10-15,Repeat sales HPI,SFH
2021-Nov,0,854.2305442775836,2021-11-15,Repeat sales HPI,SFH
2021-Dec,0,900.400352599191,2021-12-15,Repeat sales HPI,SFH
